/*
=================================================
 SCRIPT CHÈN DỮ LIỆU MẪU CHO SKYNET_COMMERCE
 (*** ĐÃ CẬP NHẬT THEO SCHEMA MỚI NHẤT ***)
=================================================
*/

USE Skynet_commerce;
GO

/*
=================================================
 1. CHÈN DỮ LIỆU
=================================================
*/


/*
=================================================
 SCRIPT CHÈN 100 BẢN GHI MỖI BẢNG - SKYNET_COMMERCE
=================================================
*/

USE Skynet_commerce;
GO

-- 🧍 1. TÀI KHOẢN (100 ACCOUNTS)
INSERT INTO Accounts (Email, PasswordHash, Phone, role, IsActive) VALUES
('admin@skynet.com', 'placeholder_hash', '0900000001', 1, 1),
('user1@gmail.com', 'placeholder_hash', '0901111111', 0, 1),
('user2@gmail.com', 'placeholder_hash', '0902222222', 0, 1),
('user3@gmail.com', 'placeholder_hash', '0903333333', 0, 1),
('user4@gmail.com', 'placeholder_hash', '0904444444', 0, 1),
('user5@gmail.com', 'placeholder_hash', '0905555555', 0, 1),
('user6@gmail.com', 'placeholder_hash', '0906666666', 0, 1),
('user7@gmail.com', 'placeholder_hash', '0907777777', 0, 1),
('user8@gmail.com', 'placeholder_hash', '0908888888', 0, 1),
('user9@gmail.com', 'placeholder_hash', '0909999999', 0, 1),
('user10@gmail.com', 'placeholder_hash', '0910000000', 0, 1),
('user11@gmail.com', 'placeholder_hash', '0911111111', 0, 1),
('user12@gmail.com', 'placeholder_hash', '0912222222', 0, 1),
('user13@gmail.com', 'placeholder_hash', '0913333333', 0, 0),
('user14@gmail.com', 'placeholder_hash', '0914444444', 0, 1),
('user15@gmail.com', 'placeholder_hash', '0915555555', 0, 1),
('user16@gmail.com', 'placeholder_hash', '0916666666', 0, 1),
('user17@gmail.com', 'placeholder_hash', '0917777777', 0, 1),
('user18@gmail.com', 'placeholder_hash', '0918888888', 0, 1),
('user19@gmail.com', 'placeholder_hash', '0919999999', 0, 1),
('user20@gmail.com', 'placeholder_hash', '0920000000', 0, 1),
('user21@gmail.com', 'placeholder_hash', '0921111111', 0, 1),
('user22@gmail.com', 'placeholder_hash', '0922222222', 0, 1),
('user23@gmail.com', 'placeholder_hash', '0923333333', 0, 1),
('user24@gmail.com', 'placeholder_hash', '0924444444', 0, 1),
('user25@gmail.com', 'placeholder_hash', '0925555555', 0, 1),
('user26@gmail.com', 'placeholder_hash', '0926666666', 0, 1),
('user27@gmail.com', 'placeholder_hash', '0927777777', 0, 1),
('user28@gmail.com', 'placeholder_hash', '0928888888', 0, 1),
('user29@gmail.com', 'placeholder_hash', '0929999999', 0, 1),
('user30@gmail.com', 'placeholder_hash', '0930000000', 0, 1),
('user31@gmail.com', 'placeholder_hash', '0931111111', 0, 1),
('user32@gmail.com', 'placeholder_hash', '0932222222', 0, 1),
('user33@gmail.com', 'placeholder_hash', '0933333333', 0, 1),
('user34@gmail.com', 'placeholder_hash', '0934444444', 0, 1),
('user35@gmail.com', 'placeholder_hash', '0935555555', 0, 1),
('user36@gmail.com', 'placeholder_hash', '0936666666', 0, 1),
('user37@gmail.com', 'placeholder_hash', '0937777777', 0, 1),
('user38@gmail.com', 'placeholder_hash', '0938888888', 0, 1),
('user39@gmail.com', 'placeholder_hash', '0939999999', 0, 1),
('user40@gmail.com', 'placeholder_hash', '0940000000', 0, 1),
('user41@gmail.com', 'placeholder_hash', '0941111111', 0, 1),
('user42@gmail.com', 'placeholder_hash', '0942222222', 0, 1),
('user43@gmail.com', 'placeholder_hash', '0943333333', 0, 1),
('user44@gmail.com', 'placeholder_hash', '0944444444', 0, 1),
('user45@gmail.com', 'placeholder_hash', '0945555555', 0, 1),
('user46@gmail.com', 'placeholder_hash', '0946666666', 0, 1),
('user47@gmail.com', 'placeholder_hash', '0947777777', 0, 1),
('user48@gmail.com', 'placeholder_hash', '0948888888', 0, 1),
('user49@gmail.com', 'placeholder_hash', '0949999999', 0, 1),
('user50@gmail.com', 'placeholder_hash', '0950000000', 0, 1),
('user51@gmail.com', 'placeholder_hash', '0951111111', 0, 1),
('user52@gmail.com', 'placeholder_hash', '0952222222', 0, 1),
('user53@gmail.com', 'placeholder_hash', '0953333333', 0, 1),
('user54@gmail.com', 'placeholder_hash', '0954444444', 0, 1),
('user55@gmail.com', 'placeholder_hash', '0955555555', 0, 1),
('user56@gmail.com', 'placeholder_hash', '0956666666', 0, 1),
('user57@gmail.com', 'placeholder_hash', '0957777777', 0, 1),
('user58@gmail.com', 'placeholder_hash', '0958888888', 0, 1),
('user59@gmail.com', 'placeholder_hash', '0959999999', 0, 1),
('user60@gmail.com', 'placeholder_hash', '0960000000', 0, 1),
('user61@gmail.com', 'placeholder_hash', '0961111111', 0, 1),
('user62@gmail.com', 'placeholder_hash', '0962222222', 0, 1),
('user63@gmail.com', 'placeholder_hash', '0963333333', 0, 1),
('user64@gmail.com', 'placeholder_hash', '0964444444', 0, 1),
('user65@gmail.com', 'placeholder_hash', '0965555555', 0, 1),
('user66@gmail.com', 'placeholder_hash', '0966666666', 0, 1),
('user67@gmail.com', 'placeholder_hash', '0967777777', 0, 1),
('user68@gmail.com', 'placeholder_hash', '0968888888', 0, 1),
('user69@gmail.com', 'placeholder_hash', '0969999999', 0, 1),
('user70@gmail.com', 'placeholder_hash', '0970000000', 0, 1),
('user71@gmail.com', 'placeholder_hash', '0971111111', 0, 1),
('user72@gmail.com', 'placeholder_hash', '0972222222', 0, 1),
('user73@gmail.com', 'placeholder_hash', '0973333333', 0, 1),
('user74@gmail.com', 'placeholder_hash', '0974444444', 0, 1),
('user75@gmail.com', 'placeholder_hash', '0975555555', 0, 1),
('user76@gmail.com', 'placeholder_hash', '0976666666', 0, 1),
('user77@gmail.com', 'placeholder_hash', '0977777777', 0, 1),
('user78@gmail.com', 'placeholder_hash', '0978888888', 0, 1),
('user79@gmail.com', 'placeholder_hash', '0979999999', 0, 1),
('user80@gmail.com', 'placeholder_hash', '0980000000', 0, 1),
('user81@gmail.com', 'placeholder_hash', '0981111111', 0, 1),
('user82@gmail.com', 'placeholder_hash', '0982222222', 0, 1),
('user83@gmail.com', 'placeholder_hash', '0983333333', 0, 1),
('user84@gmail.com', 'placeholder_hash', '0984444444', 0, 1),
('user85@gmail.com', 'placeholder_hash', '0985555555', 0, 1),
('user86@gmail.com', 'placeholder_hash', '0986666666', 0, 1),
('user87@gmail.com', 'placeholder_hash', '0987777777', 0, 1),
('user88@gmail.com', 'placeholder_hash', '0988888888', 0, 1),
('user89@gmail.com', 'placeholder_hash', '0989999999', 0, 1),
('user90@gmail.com', 'placeholder_hash', '0990000000', 0, 1),
('user91@gmail.com', 'placeholder_hash', '0991111111', 0, 1),
('user92@gmail.com', 'placeholder_hash', '0992222222', 0, 1),
('user93@gmail.com', 'placeholder_hash', '0993333333', 0, 1),
('user94@gmail.com', 'placeholder_hash', '0994444444', 0, 1),
('user95@gmail.com', 'placeholder_hash', '0995555555', 0, 1),
('user96@gmail.com', 'placeholder_hash', '0996666666', 0, 1),
('user97@gmail.com', 'placeholder_hash', '0997777777', 0, 1),
('user98@gmail.com', 'placeholder_hash', '0998888888', 0, 1),
('user99@gmail.com', 'placeholder_hash', '0999999999', 0, 1);
GO

-- 🏠 2. THÔNG TIN NGƯỜI DÙNG (100 USERS)
INSERT INTO Users (AccountID, FullName, Gender, DateOfBirth, AvatarURL) VALUES
(1, N'Admin Skynet', 'Other', '1990-01-01', 'https://i.pravatar.cc/150?img=1'),
(2, N'Nguyễn Văn A', 'Male', '1992-03-15', 'https://i.pravatar.cc/150?img=2'),
(3, N'Trần Thị B', 'Female', '1995-07-20', 'https://i.pravatar.cc/150?img=3'),
(4, N'Lê Văn C', 'Male', '1988-11-30', 'https://i.pravatar.cc/150?img=4'),
(5, N'Phạm Thị D', 'Female', '2000-02-10', 'https://i.pravatar.cc/150?img=5'),
(6, N'Hoàng Văn E', 'Male', '1998-09-05', 'https://i.pravatar.cc/150?img=6'),
(7, N'Đặng Thu F', 'Female', '1997-12-25', 'https://i.pravatar.cc/150?img=7'),
(8, N'Vũ Đình G', 'Male', '1993-06-18', 'https://i.pravatar.cc/150?img=8'),
(9, N'Bùi Thị H', 'Female', '1999-04-22', 'https://i.pravatar.cc/150?img=9'),
(10, N'Hồ Văn K', 'Male', '1991-08-12', 'https://i.pravatar.cc/150?img=10'),
(11, N'Nguyễn Thị L', 'Female', '1996-05-14', 'https://i.pravatar.cc/150?img=11'),
(12, N'Trần Văn M', 'Male', '1994-08-22', 'https://i.pravatar.cc/150?img=12'),
(13, N'Lê Thị N', 'Female', '1997-11-03', 'https://i.pravatar.cc/150?img=13'),
(14, N'Phạm Văn O', 'Male', '1989-01-17', 'https://i.pravatar.cc/150?img=14'),
(15, N'Hoàng Thị P', 'Female', '2001-06-28', 'https://i.pravatar.cc/150?img=15'),
(16, N'Đặng Văn Q', 'Male', '1995-03-09', 'https://i.pravatar.cc/150?img=16'),
(17, N'Vũ Thị R', 'Female', '1998-12-11', 'https://i.pravatar.cc/150?img=17'),
(18, N'Bùi Văn S', 'Male', '1992-07-24', 'https://i.pravatar.cc/150?img=18'),
(19, N'Hồ Thị T', 'Female', '1999-10-05', 'https://i.pravatar.cc/150?img=19'),
(20, N'Nguyễn Văn U', 'Male', '1993-02-19', 'https://i.pravatar.cc/150?img=20'),
(21, N'Trần Thị V', 'Female', '1996-09-13', 'https://i.pravatar.cc/150?img=21'),
(22, N'Lê Văn W', 'Male', '1990-04-07', 'https://i.pravatar.cc/150?img=22'),
(23, N'Phạm Thị X', 'Female', '1998-11-21', 'https://i.pravatar.cc/150?img=23'),
(24, N'Hoàng Văn Y', 'Male', '1994-06-16', 'https://i.pravatar.cc/150?img=24'),
(25, N'Đặng Thị Z', 'Female', '2000-01-29', 'https://i.pravatar.cc/150?img=25'),
(26, N'Vũ Văn AA', 'Male', '1997-08-08', 'https://i.pravatar.cc/150?img=26'),
(27, N'Bùi Thị BB', 'Female', '1991-12-12', 'https://i.pravatar.cc/150?img=27'),
(28, N'Hồ Văn CC', 'Male', '1995-05-25', 'https://i.pravatar.cc/150?img=28'),
(29, N'Nguyễn Thị DD', 'Female', '1999-03-03', 'https://i.pravatar.cc/150?img=29'),
(30, N'Trần Văn EE', 'Male', '1992-10-10', 'https://i.pravatar.cc/150?img=30'),
(31, N'Lê Thị FF', 'Female', '1996-07-07', 'https://i.pravatar.cc/150?img=31'),
(32, N'Phạm Văn GG', 'Male', '1993-04-04', 'https://i.pravatar.cc/150?img=32'),
(33, N'Hoàng Thị HH', 'Female', '1998-01-01', 'https://i.pravatar.cc/150?img=33'),
(34, N'Đặng Văn II', 'Male', '1994-08-08', 'https://i.pravatar.cc/150?img=34'),
(35, N'Vũ Thị JJ', 'Female', '2000-11-11', 'https://i.pravatar.cc/150?img=35'),
(36, N'Bùi Văn KK', 'Male', '1997-06-06', 'https://i.pravatar.cc/150?img=36'),
(37, N'Hồ Thị LL', 'Female', '1991-02-02', 'https://i.pravatar.cc/150?img=37'),
(38, N'Nguyễn Văn MM', 'Male', '1995-09-09', 'https://i.pravatar.cc/150?img=38'),
(39, N'Trần Thị NN', 'Female', '1999-05-05', 'https://i.pravatar.cc/150?img=39'),
(40, N'Lê Văn OO', 'Male', '1992-12-12', 'https://i.pravatar.cc/150?img=40'),
(41, N'Phạm Thị PP', 'Female', '1996-03-03', 'https://i.pravatar.cc/150?img=41'),
(42, N'Hoàng Văn QQ', 'Male', '1993-10-10', 'https://i.pravatar.cc/150?img=42'),
(43, N'Đặng Thị RR', 'Female', '1998-07-07', 'https://i.pravatar.cc/150?img=43'),
(44, N'Vũ Văn SS', 'Male', '1994-04-04', 'https://i.pravatar.cc/150?img=44'),
(45, N'Bùi Thị TT', 'Female', '2000-01-01', 'https://i.pravatar.cc/150?img=45'),
(46, N'Hồ Văn UU', 'Male', '1997-08-08', 'https://i.pravatar.cc/150?img=46'),
(47, N'Nguyễn Thị VV', 'Female', '1991-11-11', 'https://i.pravatar.cc/150?img=47'),
(48, N'Trần Văn WW', 'Male', '1995-06-06', 'https://i.pravatar.cc/150?img=48'),
(49, N'Lê Thị XX', 'Female', '1999-02-02', 'https://i.pravatar.cc/150?img=49'),
(50, N'Phạm Văn YY', 'Male', '1992-09-09', 'https://i.pravatar.cc/150?img=50'),
(51, N'Hoàng Thị ZZ', 'Female', '1996-05-05', 'https://i.pravatar.cc/150?img=51'),
(52, N'Đặng Văn AAA', 'Male', '1993-12-12', 'https://i.pravatar.cc/150?img=52'),
(53, N'Vũ Thị BBB', 'Female', '1998-03-03', 'https://i.pravatar.cc/150?img=53'),
(54, N'Bùi Văn CCC', 'Male', '1994-10-10', 'https://i.pravatar.cc/150?img=54'),
(55, N'Hồ Thị DDD', 'Female', '2000-07-07', 'https://i.pravatar.cc/150?img=55'),
(56, N'Nguyễn Văn EEE', 'Male', '1997-04-04', 'https://i.pravatar.cc/150?img=56'),
(57, N'Trần Thị FFF', 'Female', '1991-01-01', 'https://i.pravatar.cc/150?img=57'),
(58, N'Lê Văn GGG', 'Male', '1995-08-08', 'https://i.pravatar.cc/150?img=58'),
(59, N'Phạm Thị HHH', 'Female', '1999-11-11', 'https://i.pravatar.cc/150?img=59'),
(60, N'Hoàng Văn III', 'Male', '1992-06-06', 'https://i.pravatar.cc/150?img=60'),
(61, N'Đặng Thị JJJ', 'Female', '1996-02-02', 'https://i.pravatar.cc/150?img=61'),
(62, N'Vũ Văn KKK', 'Male', '1993-09-09', 'https://i.pravatar.cc/150?img=62'),
(63, N'Bùi Thị LLL', 'Female', '1998-05-05', 'https://i.pravatar.cc/150?img=63'),
(64, N'Hồ Văn MMM', 'Male', '1994-12-12', 'https://i.pravatar.cc/150?img=64'),
(65, N'Nguyễn Thị NNN', 'Female', '2000-03-03', 'https://i.pravatar.cc/150?img=65'),
(66, N'Trần Văn OOO', 'Male', '1997-10-10', 'https://i.pravatar.cc/150?img=66'),
(67, N'Lê Thị PPP', 'Female', '1991-07-07', 'https://i.pravatar.cc/150?img=67'),
(68, N'Phạm Văn QQQ', 'Male', '1995-04-04', 'https://i.pravatar.cc/150?img=68'),
(69, N'Hoàng Thị RRR', 'Female', '1999-01-01', 'https://i.pravatar.cc/150?img=69'),
(70, N'Đặng Văn SSS', 'Male', '1992-08-08', 'https://i.pravatar.cc/150?img=70'),
(71, N'Vũ Thị TTT', 'Female', '1996-11-11', 'https://i.pravatar.cc/150?img=71'),
(72, N'Bùi Văn UUU', 'Male', '1993-06-06', 'https://i.pravatar.cc/150?img=72'),
(73, N'Hồ Thị VVV', 'Female', '1998-02-02', 'https://i.pravatar.cc/150?img=73'),
(74, N'Nguyễn Văn WWW', 'Male', '1994-09-09', 'https://i.pravatar.cc/150?img=74'),
(75, N'Trần Thị XXX', 'Female', '2000-05-05', 'https://i.pravatar.cc/150?img=75'),
(76, N'Lê Văn YYY', 'Male', '1997-12-12', 'https://i.pravatar.cc/150?img=76'),
(77, N'Phạm Thị ZZZ', 'Female', '1991-03-03', 'https://i.pravatar.cc/150?img=77'),
(78, N'Hoàng Văn AAAA', 'Male', '1995-10-10', 'https://i.pravatar.cc/150?img=78'),
(79, N'Đặng Thị BBBB', 'Female', '1999-07-07', 'https://i.pravatar.cc/150?img=79'),
(80, N'Vũ Văn CCCC', 'Male', '1992-04-04', 'https://i.pravatar.cc/150?img=80'),
(81, N'Bùi Thị DDDD', 'Female', '1996-01-01', 'https://i.pravatar.cc/150?img=81'),
(82, N'Hồ Văn EEEE', 'Male', '1993-08-08', 'https://i.pravatar.cc/150?img=82'),
(83, N'Nguyễn Thị FFFF', 'Female', '1998-11-11', 'https://i.pravatar.cc/150?img=83'),
(84, N'Trần Văn GGGG', 'Male', '1994-06-06', 'https://i.pravatar.cc/150?img=84'),
(85, N'Lê Thị HHHH', 'Female', '2000-02-02', 'https://i.pravatar.cc/150?img=85'),
(86, N'Phạm Văn IIII', 'Male', '1997-09-09', 'https://i.pravatar.cc/150?img=86'),
(87, N'Hoàng Thị JJJJ', 'Female', '1991-05-05', 'https://i.pravatar.cc/150?img=87'),
(88, N'Đặng Văn KKKK', 'Male', '1995-12-12', 'https://i.pravatar.cc/150?img=88'),
(89, N'Vũ Thị LLLL', 'Female', '1999-03-03', 'https://i.pravatar.cc/150?img=89'),
(90, N'Bùi Văn MMMM', 'Male', '1992-10-10', 'https://i.pravatar.cc/150?img=90'),
(91, N'Hồ Thị NNNN', 'Female', '1996-07-07', 'https://i.pravatar.cc/150?img=91'),
(92, N'Nguyễn Văn OOOO', 'Male', '1993-04-04', 'https://i.pravatar.cc/150?img=92'),
(93, N'Trần Thị PPPP', 'Female', '1998-01-01', 'https://i.pravatar.cc/150?img=93'),
(94, N'Lê Văn QQQQ', 'Male', '1994-08-08', 'https://i.pravatar.cc/150?img=94'),
(95, N'Phạm Thị RRRR', 'Female', '2000-11-11', 'https://i.pravatar.cc/150?img=95'),
(96, N'Hoàng Văn SSSS', 'Male', '1997-06-06', 'https://i.pravatar.cc/150?img=96'),
(97, N'Đặng Thị TTTT', 'Female', '1991-02-02', 'https://i.pravatar.cc/150?img=97'),
(98, N'Vũ Văn UUUU', 'Male', '1995-09-09', 'https://i.pravatar.cc/150?img=98'),
(99, N'Bùi Thị VVVV', 'Female', '1999-05-05', 'https://i.pravatar.cc/150?img=99');
GO

-- 🏠 3. ĐỊA CHỈ (100 USER ADDRESSES)
INSERT INTO UserAddresses (AccountID, AddressName, ReceiverFullName, ReceiverPhone, AddressLine, Ward, District, Province, IsDefault) VALUES
(2, N'Nhà riêng', N'Nguyễn Văn A', '0901111111', N'123 Lê Lợi', N'Phường Bến Nghé', N'Quận 1', N'TP. Hồ Chí Minh', 1),
(2, N'Văn phòng', N'Nguyễn Văn A', '0901111111', N'456 Nguyễn Huệ', N'Phường Bến Nghé', N'Quận 1', N'TP. Hồ Chí Minh', 0),
(3, N'Nhà', N'Trần Thị B', '0902222222', N'789 Điện Biên Phủ', N'Phường 6', N'Quận 3', N'TP. Hồ Chí Minh', 1),
(4, N'Chung cư', N'Lê Văn C', '0903333333', N'321 Cách Mạng Tháng 8', N'Phường 10', N'Quận 3', N'TP. Hồ Chí Minh', 1),
(5, N'Nhà riêng', N'Phạm Thị D', '0904444444', N'555 Võ Văn Tần', N'Phường 5', N'Quận 3', N'TP. Hồ Chí Minh', 1),
(6, N'Nhà', N'Hoàng Văn E', '0905555555', N'777 Hai Bà Trưng', N'Phường Tân Định', N'Quận 1', N'TP. Hồ Chí Minh', 1),
(7, N'Căn hộ', N'Đặng Thu F', '0906666666', N'888 Lý Thường Kiệt', N'Phường 14', N'Quận 10', N'TP. Hồ Chí Minh', 1),
(8, N'Nhà trọ', N'Vũ Đình G', '0907777777', N'999 Trần Hưng Đạo', N'Phường 7', N'Quận 5', N'TP. Hồ Chí Minh', 1),
(9, N'Nhà riêng', N'Bùi Thị H', '0908888888', N'111 Nguyễn Thị Minh Khai', N'Phường 5', N'Quận 1', N'TP. Hồ Chí Minh', 1),
(10, N'Nhà', N'Hồ Văn K', '0909999999', N'222 Pasteur', N'Phường 6', N'Quận 3', N'TP. Hồ Chí Minh', 1),
(11, N'Chung cư', N'Nguyễn Thị L', '0910000000', N'333 Lê Văn Sỹ', N'Phường 14', N'Quận 3', N'TP. Hồ Chí Minh', 1),
(12, N'Nhà riêng', N'Trần Văn M', '0911111111', N'444 Phan Đình Phùng', N'Phường 17', N'Quận Phú Nhuận', N'TP. Hồ Chí Minh', 1),
(13, N'Văn phòng', N'Lê Thị N', '0912222222', N'555 Ba Tháng Hai', N'Phường 12', N'Quận 10', N'TP. Hồ Chí Minh', 1),
(14, N'Nhà', N'Phạm Văn O', '0913333333', N'666 Nguyễn Đình Chiểu', N'Phường Đa Kao', N'Quận 1', N'TP. Hồ Chí Minh', 1),
(15, N'Chung cư', N'Hoàng Thị P', '0914444444', N'777 Nam Kỳ Khởi Nghĩa', N'Phường Võ Thị Sáu', N'Quận 3', N'TP. Hồ Chí Minh', 1),
(16, N'Nhà trọ', N'Đặng Văn Q', '0915555555', N'888 Phạm Ngọc Thạch', N'Phường 6', N'Quận 3', N'TP. Hồ Chí Minh', 1),
(17, N'Nhà riêng', N'Vũ Thị R', '0916666666', N'999 Trường Chinh', N'Phường 12', N'Quận Tân Bình', N'TP. Hồ Chí Minh', 1),
(18, N'Căn hộ', N'Bùi Văn S', '0917777777', N'101 Cộng Hòa', N'Phường 4', N'Quận Tân Bình', N'TP. Hồ Chí Minh', 1),
(19, N'Nhà', N'Hồ Thị T', '0918888888', N'202 Hoàng Văn Thụ', N'Phường 8', N'Quận Phú Nhuận', N'TP. Hồ Chí Minh', 1),
(20, N'Nhà riêng', N'Nguyễn Văn U', '0919999999', N'303 Đinh Tiên Hoàng', N'Phường Đa Kao', N'Quận 1', N'TP. Hồ Chí Minh', 1),
(21, N'Chung cư', N'Trần Thị V', '0920000000', N'404 Xô Viết Nghệ Tĩnh', N'Phường 21', N'Quận Bình Thạnh', N'TP. Hồ Chí Minh', 1),
(22, N'Nhà', N'Lê Văn W', '0921111111', N'505 Lý Chính Thắng', N'Phường 8', N'Quận 3', N'TP. Hồ Chí Minh', 1),
(23, N'Văn phòng', N'Phạm Thị X', '0922222222', N'606 Trần Quốc Toản', N'Phường 8', N'Quận 3', N'TP. Hồ Chí Minh', 1),
(24, N'Nhà riêng', N'Hoàng Văn Y', '0923333333', N'707 Võ Thị Sáu', N'Phường 6', N'Quận 3', N'TP. Hồ Chí Minh', 1),
(25, N'Chung cư', N'Đặng Thị Z', '0924444444', N'808 Nguyễn Trãi', N'Phường 2', N'Quận 5', N'TP. Hồ Chí Minh', 1),
(26, N'Nhà', N'Vũ Văn AA', '0925555555', N'909 Tô Hiến Thành', N'Phường 13', N'Quận 10', N'TP. Hồ Chí Minh', 1),
(27, N'Căn hộ', N'Bùi Thị BB', '0926666666', N'1010 Sư Vạn Hạnh', N'Phường 12', N'Quận 10', N'TP. Hồ Chí Minh', 1),
(28, N'Nhà riêng', N'Hồ Văn CC', '0927777777', N'1111 Nguyễn Văn Cừ', N'Phường 1', N'Quận 5', N'TP. Hồ Chí Minh', 1),
(29, N'Nhà', N'Nguyễn Thị DD', '0928888888', N'1212 Lạc Long Quân', N'Phường 5', N'Quận 11', N'TP. Hồ Chí Minh', 1),
(30, N'Chung cư', N'Trần Văn EE', '0929999999', N'1313 Hồng Bàng', N'Phường 11', N'Quận 5', N'TP. Hồ Chí Minh', 1),
(31, N'Nhà riêng', N'Lê Thị FF', '0930000000', N'1414 Nguyễn Chí Thanh', N'Phường 9', N'Quận 5', N'TP. Hồ Chí Minh', 1),
(32, N'Văn phòng', N'Phạm Văn GG', '0931111111', N'1515 Âu Cơ', N'Phường 10', N'Quận Tân Bình', N'TP. Hồ Chí Minh', 1),
(33, N'Nhà', N'Hoàng Thị HH', '0932222222', N'1616 Lũy Bán Bích', N'Phường Hòa Thạnh', N'Quận Tân Phú', N'TP. Hồ Chí Minh', 1),
(34, N'Chung cư', N'Đặng Văn II', '0933333333', N'1717 Tân Sơn Nhì', N'Phường Tân Sơn Nhì', N'Quận Tân Phú', N'TP. Hồ Chí Minh', 1),
(35, N'Nhà riêng', N'Vũ Thị JJ', '0934444444', N'1818 Bình Long', N'Phường Phú Thạnh', N'Quận Tân Phú', N'TP. Hồ Chí Minh', 1),
(36, N'Nhà', N'Bùi Văn KK', '0935555555', N'1919 Trường Sơn', N'Phường 2', N'Quận Tân Bình', N'TP. Hồ Chí Minh', 1),
(37, N'Căn hộ', N'Hồ Thị LL', '0936666666', N'2020 Bạch Đằng', N'Phường 2', N'Quận Tân Bình', N'TP. Hồ Chí Minh', 1),
(38, N'Nhà riêng', N'Nguyễn Văn MM', '0937777777', N'2121 Phan Huy Ích', N'Phường 12', N'Quận Gò Vấp', N'TP. Hồ Chí Minh', 1),
(39, N'Chung cư', N'Trần Thị NN', '0938888888', N'2222 Quang Trung', N'Phường 10', N'Quận Gò Vấp', N'TP. Hồ Chí Minh', 1),
(40, N'Nhà', N'Lê Văn OO', '0939999999', N'2323 Nguyễn Oanh', N'Phường 17', N'Quận Gò Vấp', N'TP. Hồ Chí Minh', 1),
(41, N'Nhà riêng', N'Phạm Thị PP', '0940000000', N'2424 Phan Văn Trị', N'Phường 5', N'Quận Gò Vấp', N'TP. Hồ Chí Minh', 1),
(42, N'Văn phòng', N'Hoàng Văn QQ', '0941111111', N'2525 Lê Đức Thọ', N'Phường 15', N'Quận Gò Vấp', N'TP. Hồ Chí Minh', 1),
(43, N'Nhà', N'Đặng Thị RR', '0942222222', N'2626 Tân Kỳ Tân Quý', N'Phường Tân Quý', N'Quận Tân Phú', N'TP. Hồ Chí Minh', 1),
(44, N'Chung cư', N'Vũ Văn SS', '0943333333', N'2727 Lê Trọng Tấn', N'Phường Tây Thạnh', N'Quận Tân Phú', N'TP. Hồ Chí Minh', 1),
(45, N'Nhà riêng', N'Bùi Thị TT', '0944444444', N'2828 Hòa Bình', N'Phường Hiệp Tân', N'Quận Tân Phú', N'TP. Hồ Chí Minh', 1),
(46, N'Nhà', N'Hồ Văn UU', '0945555555', N'2929 Kinh Dương Vương', N'Phường An Lạc', N'Quận Bình Tân', N'TP. Hồ Chí Minh', 1),
(47, N'Căn hộ', N'Nguyễn Thị VV', '0946666666', N'3030 Tên Lửa', N'Phường Bình Trị Đông B', N'Quận Bình Tân', N'TP. Hồ Chí Minh', 1),
(48, N'Nhà riêng', N'Trần Văn WW', '0947777777', N'3131 Võ Văn Kiệt', N'Phường 1', N'Quận 6', N'TP. Hồ Chí Minh', 1),
(49, N'Chung cư', N'Lê Thị XX', '0948888888', N'3232 Hậu Giang', N'Phường 5', N'Quận 6', N'TP. Hồ Chí Minh', 1),
(50, N'Nhà', N'Phạm Văn YY', '0949999999', N'3333 Minh Phụng', N'Phường 9', N'Quận 6', N'TP. Hồ Chí Minh', 1),
(51, N'Nhà riêng', N'Hoàng Thị ZZ', '0950000000', N'3434 Tân Hương', N'Phường Tân Quý', N'Quận Tân Phú', N'TP. Hồ Chí Minh', 1),
(52, N'Văn phòng', N'Đặng Văn AAA', '0951111111', N'3535 Đặng Văn Bi', N'Phường Bình Thọ', N'Quận Thủ Đức', N'TP. Hồ Chí Minh', 1),
(53, N'Nhà', N'Vũ Thị BBB', '0952222222', N'3636 Võ Văn Ngân', N'Phường Linh Chiểu', N'Quận Thủ Đức', N'TP. Hồ Chí Minh', 1),
(54, N'Chung cư', N'Bùi Văn CCC', '0953333333', N'3737 Kha Vạn Cân', N'Phường Linh Tây', N'Quận Thủ Đức', N'TP. Hồ Chí Minh', 1),
(55, N'Nhà riêng', N'Hồ Thị DDD', '0954444444', N'3838 Phạm Văn Đồng', N'Phường Hiệp Bình Chánh', N'Quận Thủ Đức', N'TP. Hồ Chí Minh', 1),
(56, N'Nhà', N'Nguyễn Văn EEE', '0955555555', N'3939 Tô Ngọc Vân', N'Phường Thảo Điền', N'Quận 2', N'TP. Hồ Chí Minh', 1),
(57, N'Căn hộ', N'Trần Thị FFF', '0956666666', N'4040 Xa lộ Hà Nội', N'Phường Thảo Điền', N'Quận 2', N'TP. Hồ Chí Minh', 1),
(58, N'Nhà riêng', N'Lê Văn GGG', '0957777777', N'4141 Mai Chí Thọ', N'Phường An Phú', N'Quận 2', N'TP. Hồ Chí Minh', 1),
(59, N'Chung cư', N'Phạm Thị HHH', '0958888888', N'4242 Nguyễn Duy Trinh', N'Phường Bình Trưng Đông', N'Quận 2', N'TP. Hồ Chí Minh', 1),
(60, N'Nhà', N'Hoàng Văn III', '0959999999', N'4343 Lương Định Của', N'Phường Bình An', N'Quận 2', N'TP. Hồ Chí Minh', 1),
(61, N'Nhà riêng', N'Đặng Thị JJJ', '0960000000', N'4444 Nguyễn Thị Định', N'Phường Cát Lái', N'Quận 2', N'TP. Hồ Chí Minh', 1),
(62, N'Văn phòng', N'Vũ Văn KKK', '0961111111', N'4545 Đỗ Xuân Hợp', N'Phường Phước Long B', N'Quận 9', N'TP. Hồ Chí Minh', 1),
(63, N'Nhà', N'Bùi Thị LLL', '0962222222', N'4646 Lê Văn Việt', N'Phường Hiệp Phú', N'Quận 9', N'TP. Hồ Chí Minh', 1),
(64, N'Chung cư', N'Hồ Văn MMM', '0963333333', N'4747 Tam Bình', N'Phường Tam Bình', N'Quận Thủ Đức', N'TP. Hồ Chí Minh', 1),
(65, N'Nhà riêng', N'Nguyễn Thị NNN', '0964444444', N'4848 Linh Xuân', N'Phường Linh Xuân', N'Quận Thủ Đức', N'TP. Hồ Chí Minh', 1),
(66, N'Nhà', N'Trần Văn OOO', '0965555555', N'4949 Nguyễn Xiển', N'Phường Long Thạnh Mỹ', N'Quận 9', N'TP. Hồ Chí Minh', 1),
(67, N'Căn hộ', N'Lê Thị PPP', '0966666666', N'5050 Dương Đình Hội', N'Phường Phước Long A', N'Quận 9', N'TP. Hồ Chí Minh', 1),
(68, N'Nhà riêng', N'Phạm Văn QQQ', '0967777777', N'5151 Chu Văn An', N'Phường 12', N'Quận Bình Thạnh', N'TP. Hồ Chí Minh', 1),
(69, N'Chung cư', N'Hoàng Thị RRR', '0968888888', N'5252 Bạch Đằng', N'Phường 24', N'Quận Bình Thạnh', N'TP. Hồ Chí Minh', 1),
(70, N'Nhà', N'Đặng Văn SSS', '0969999999', N'5353 Đinh Bộ Lĩnh', N'Phường 26', N'Quận Bình Thạnh', N'TP. Hồ Chí Minh', 1),
(71, N'Nhà riêng', N'Vũ Thị TTT', '0970000000', N'5454 Nơ Trang Long', N'Phường 7', N'Quận Bình Thạnh', N'TP. Hồ Chí Minh', 1),
(72, N'Văn phòng', N'Bùi Văn UUU', '0971111111', N'5555 D2', N'Phường 25', N'Quận Bình Thạnh', N'TP. Hồ Chí Minh', 1),
(73, N'Nhà', N'Hồ Thị VVV', '0972222222', N'5656 Ung Văn Khiêm', N'Phường 25', N'Quận Bình Thạnh', N'TP. Hồ Chí Minh', 1),
(74, N'Chung cư', N'Nguyễn Văn WWW', '0973333333', N'5757 Phan Đăng Lưu', N'Phường 6', N'Quận Phú Nhuận', N'TP. Hồ Chí Minh', 1),
(75, N'Nhà riêng', N'Trần Thị XXX', '0974444444', N'5858 Hồ Biểu Chánh', N'Phường 11', N'Quận Phú Nhuận', N'TP. Hồ Chí Minh', 1),
(76, N'Nhà', N'Lê Văn YYY', '0975555555', N'5959 Trần Huy Liệu', N'Phường 8', N'Quận Phú Nhuận', N'TP. Hồ Chí Minh', 1),
(77, N'Căn hộ', N'Phạm Thị ZZZ', '0976666666', N'6060 Nguyễn Văn Trỗi', N'Phường 1', N'Quận Phú Nhuận', N'TP. Hồ Chí Minh', 1),
(78, N'Nhà riêng', N'Hoàng Văn AAAA', '0977777777', N'6161 Huỳnh Văn Bánh', N'Phường 15', N'Quận Phú Nhuận', N'TP. Hồ Chí Minh', 1),
(79, N'Chung cư', N'Đặng Thị BBBB', '0978888888', N'6262 Lý Thái Tổ', N'Phường 1', N'Quận 10', N'TP. Hồ Chí Minh', 1),
(80, N'Nhà', N'Vũ Văn CCCC', '0979999999', N'6363 Cao Thắng', N'Phường 3', N'Quận 3', N'TP. Hồ Chí Minh', 1),
(81, N'Nhà riêng', N'Bùi Thị DDDD', '0980000000', N'6464 Trần Kế Xương', N'Phường 7', N'Quận Phú Nhuận', N'TP. Hồ Chí Minh', 1),
(82, N'Văn phòng', N'Hồ Văn EEEE', '0981111111', N'6565 Cô Giang', N'Phường 1', N'Quận 1', N'TP. Hồ Chí Minh', 1),
(83, N'Nhà', N'Nguyễn Thị FFFF', '0982222222', N'6666 Mạc Đĩnh Chi', N'Phường Đa Kao', N'Quận 1', N'TP. Hồ Chí Minh', 1),
(84, N'Chung cư', N'Trần Văn GGGG', '0983333333', N'6767 Ngô Đức Kế', N'Phường Bến Nghé', N'Quận 1', N'TP. Hồ Chí Minh', 1),
(85, N'Nhà riêng', N'Lê Thị HHHH', '0984444444', N'6868 Tôn Đức Thắng', N'Phường Bến Nghé', N'Quận 1', N'TP. Hồ Chí Minh', 1),
(86, N'Nhà', N'Phạm Văn IIII', '0985555555', N'6969 Trần Khắc Chân', N'Phường Tân Định', N'Quận 1', N'TP. Hồ Chí Minh', 1),
(87, N'Căn hộ', N'Hoàng Thị JJJJ', '0986666666', N'7070 Thủ Khoa Huân', N'Phường Bến Thành', N'Quận 1', N'TP. Hồ Chí Minh', 1),
(88, N'Nhà riêng', N'Đặng Văn KKKK', '0987777777', N'7171 Lê Thánh Tôn', N'Phường Bến Nghé', N'Quận 1', N'TP. Hồ Chí Minh', 1),
(89, N'Chung cư', N'Vũ Thị LLLL', '0988888888', N'7272 Đồng Khởi', N'Phường Bến Nghé', N'Quận 1', N'TP. Hồ Chí Minh', 1),
(90, N'Nhà', N'Bùi Văn MMMM', '0989999999', N'7373 Phạm Ngũ Lão', N'Phường Phạm Ngũ Lão', N'Quận 1', N'TP. Hồ Chí Minh', 1),
(91, N'Nhà riêng', N'Hồ Thị NNNN', '0990000000', N'7474 Bùi Viện', N'Phường Phạm Ngũ Lão', N'Quận 1', N'TP. Hồ Chí Minh', 1),
(92, N'Văn phòng', N'Nguyễn Văn OOOO', '0991111111', N'7575 Đề Thám', N'Phường Cô Giang', N'Quận 1', N'TP. Hồ Chí Minh', 1),
(93, N'Nhà', N'Trần Thị PPPP', '0992222222', N'7676 Cô Bắc', N'Phường Cô Giang', N'Quận 1', N'TP. Hồ Chí Minh', 1),
(94, N'Chung cư', N'Lê Văn QQQQ', '0993333333', N'7777 Trần Hưng Đạo B', N'Phường 15', N'Quận 5', N'TP. Hồ Chí Minh', 1),
(95, N'Nhà riêng', N'Phạm Thị RRRR', '0994444444', N'7878 An Dương Vương', N'Phường 9', N'Quận 5', N'TP. Hồ Chí Minh', 1),
(96, N'Nhà', N'Hoàng Văn SSSS', '0995555555', N'7979 Nguyễn Tri Phương', N'Phường 4', N'Quận 10', N'TP. Hồ Chí Minh', 1),
(97, N'Căn hộ', N'Đặng Thị TTTT', '0996666666', N'8080 Đại lộ 3 Tháng 2', N'Phường 12', N'Quận 11', N'TP. Hồ Chí Minh', 1),
(98, N'Nhà riêng', N'Vũ Văn UUUU', '0997777777', N'8181 Lũy Bán Bích', N'Phường Phú Thọ Hòa', N'Quận Tân Phú', N'TP. Hồ Chí Minh', 1),
(99, N'Chung cư', N'Bùi Thị VVVV', '0998888888', N'8282 Hùng Vương', N'Phường 1', N'Quận 5', N'TP. Hồ Chí Minh', 1);


-- 📂 4. CATEGORIES (GIỮ NGUYÊN)
-- ============================================
-- CATEGORIES - Cấu trúc theo Menu
-- ============================================

-- 1. Danh mục cha (Level 1)
INSERT INTO Categories (CategoryName, ParentCategoryID) VALUES 
('Top', NULL),           -- ID: 1
('Bottom', NULL),        -- ID: 2
('Accessories', NULL),   -- ID: 3
('Bag', NULL);           -- ID: 4

-- 2. Danh mục con của Top (Level 2)
INSERT INTO Categories (CategoryName, ParentCategoryID) VALUES 
('T-shirt', 1),              -- ID: 5
('Polo', 1),                 -- ID: 6
('Shirt', 1),                -- ID: 7
('Sweater-Hoodies', 1);    -- ID: 8

-- 3. Danh mục con của Bottom (Level 2)
INSERT INTO Categories (CategoryName, ParentCategoryID) VALUES 
('Pants', 2),    -- ID: 9
('Shorts', 2);   -- ID: 10

-- 4. Danh mục con của Accessories (Level 2)
INSERT INTO Categories (CategoryName, ParentCategoryID) VALUES 
('Cap/Hat', 3),  -- ID: 11
('Slides', 3);   -- ID: 12

-- Bag không có danh mục con

GO

-- ============================================
-- PRODUCTS - 100 sản phẩm
-- ============================================

-- === TOP > T-shirt (CategoryID: 5) ===
INSERT INTO Products (CategoryID, Name, Description, Price, StockQuantity) VALUES
(5, N'Áo Thun Cổ Tròn Basic', N'Cotton 100%, form rộng thoải mái', 199000, 150),
(5, N'Áo Thun Oversize', N'Form rộng, unisex', 250000, 180),
(5, N'Áo Tank Top Nam', N'Cotton mỏng, mùa hè', 150000, 200),
(5, N'Áo Croptop Nữ', N'Cotton co giãn', 180000, 200),
(5, N'Áo Thun Raglan', N'Tay màu khác thân', 220000, 140),
(5, N'Áo Thun Tie Dye', N'Nhuộm màu độc đáo', 280000, 100),
(5, N'Áo Thun Basic Trắng', N'Cotton 100%, thiết kế tối giản', 189000, 200),
(5, N'Áo Thun Graphic', N'In hình nghệ thuật', 239000, 150),
(5, N'Áo Thun Premium', N'Vải cao cấp, form đẹp', 299000, 120),
(5, N'Áo Thun Dài Tay', N'Cotton, phong cách streetwear', 259000, 140),

-- === TOP > Polo (CategoryID: 6) ===
(6, N'Áo Polo Nam Cao Cấp', N'Vải cá sấu 4 chiều, co giãn tốt', 350000, 120),
(6, N'Áo Polo Trơn', N'Nhiều màu basic', 320000, 150),
(6, N'Áo Polo Thêu Logo', N'Vải pique cao cấp', 380000, 100),
(6, N'Áo Polo Sọc Ngang', N'Phong cách năng động', 340000, 110),
(6, N'Áo Polo Nữ', N'Form fitted, thanh lịch', 330000, 90),
(6, N'Áo Polo Performance', N'Vải thấm hút mồ hôi', 390000, 80),
(6, N'Áo Polo Contrast', N'Phối màu cổ áo', 360000, 95),
(6, N'Áo Polo Classic', N'Kiểu dáng truyền thống', 345000, 105),

-- === TOP > Shirt (CategoryID: 7) ===
(7, N'Áo Sơ Mi Trắng Oxford', N'Vải Oxford cao cấp, không nhăn', 450000, 100),
(7, N'Áo Sơ Mi Kẻ Sọc', N'Họa tiết sọc nhỏ, phong cách Hàn', 420000, 90),
(7, N'Áo Sơ Mi Linen', N'Vải lanh, thoáng mát', 520000, 80),
(7, N'Áo Sơ Mi Flannel', N'Vải flannel ấm, kẻ ca rô', 480000, 75),
(7, N'Áo Sơ Mi Lụa Nữ', N'Lụa mềm, nhẹ nhàng', 580000, 70),
(7, N'Áo Sơ Mi Cuba', N'Cổ đức, ngắn tay', 380000, 90),
(7, N'Áo Sơ Mi Denim', N'Jean mỏng, cá tính', 450000, 75),
(7, N'Áo Sơ Mi Công Sở', N'Vải không nhăn, lịch sự', 470000, 85),
(7, N'Áo Sơ Mi Họa Tiết', N'In hoa văn tinh tế', 430000, 95),
(7, N'Áo Sơ Mi Oversize', N'Form rộng, phong cách', 440000, 100),

-- === TOP > Sweater & Hoodies (CategoryID: 8) ===
(8, N'Áo Len Nam Cổ Cao', N'Len mềm mại, giữ ấm tốt', 580000, 70),
(8, N'Áo Cardigan Nữ', N'Len mỏng, phù hợp mùa thu', 520000, 80),
(8, N'Hoodie Đen Unisex', N'Nỉ bông dày, có mũ trùm', 650000, 100),
(8, N'Áo Nỉ Crewneck', N'Nỉ basic, nhiều màu', 480000, 110),
(8, N'Áo Sweater Cổ Tròn', N'Len mịn, nhiều màu', 550000, 85),
(8, N'Hoodie Zip', N'Có khóa kéo, túi hai bên', 680000, 95),
(8, N'Áo Len Gile', N'Không tay, dễ phối', 380000, 95),
(8, N'Áo Thun Hoodie', N'Nỉ mỏng, có mũ', 450000, 105),
(8, N'Áo Len Cổ Lọ', N'Ôm vừa, ấm áp', 520000, 75),
(8, N'Hoodie Boxy', N'Form rộng, phong cách Hàn', 650000, 85),
(8, N'Áo Cardigan Dài', N'Len mỏng, qua hông', 580000, 70),
(8, N'Hoodie Nỉ Bông', N'Dày dặn, mùa đông', 720000, 80),

-- === BOTTOM > Pants (CategoryID: 9) ===
(9, N'Quần Jean Nam Slim', N'Denim co giãn, màu xanh đậm', 650000, 90),
(9, N'Quần Jean Đen Ống Rộng', N'Phong cách streetwear', 680000, 85),
(9, N'Quần Kaki Ống Đứng', N'Vải kaki dày dặn, màu be', 550000, 100),
(9, N'Quần Jogger Nam', N'Vải thun co giãn, có dây rút', 420000, 110),
(9, N'Quần Cargo', N'Nhiều túi, phong cách quân đội', 680000, 80),
(9, N'Quần Âu Nam', N'Vải tuyết mưa, lịch sự', 550000, 85),
(9, N'Quần Legging Nữ', N'Co giãn 4 chiều, tập gym', 280000, 180),
(9, N'Quần Jeans Baggy', N'Ống rộng, vintage', 720000, 70),
(9, N'Quần Tây Nữ', N'Ống loe, công sở', 580000, 80),
(9, N'Quần Chinos', N'Vải kaki mềm, nhiều màu', 480000, 100),
(9, N'Quần Jean Rách Gối', N'Phong cách cá tính', 690000, 75),
(9, N'Quần Ống Suông', N'Dáng đứng, dễ phối', 520000, 95),

-- === BOTTOM > Shorts (CategoryID: 10) ===
(10, N'Quần Short Kaki', N'Màu xám, lịch sự', 380000, 120),
(10, N'Quần Short Jean', N'Rách nhẹ, phong cách cá tính', 420000, 95),
(10, N'Quần Short Thể Thao', N'Vải dri-fit, thoáng khí', 280000, 150),
(10, N'Quần Short Chạy Bộ', N'Nhẹ, có túi nhỏ', 220000, 140),
(10, N'Quần Short Linen', N'Vải lanh, mát mẻ', 350000, 95),
(10, N'Quần Sooc Jeans', N'Rách gối, phong cách', 380000, 105),
(10, N'Quần Short Cargo', N'Nhiều túi tiện dụng', 390000, 100),
(10, N'Quần Đùi Mặc Nhà', N'Vải cotton, thoải mái', 120000, 250),

-- === ACCESSORIES > Cap/Hat (CategoryID: 11) ===
(11, N'Mũ Lưỡi Trai Thêu Logo', N'Cotton 100%, có thể điều chỉnh', 150000, 200),
(11, N'Nón Bucket Trơn', N'Vải canvas, nhiều màu', 180000, 150),
(11, N'Mũ Beret Len', N'Phong cách Pháp, màu đen', 220000, 90),
(11, N'Nón Snapback', N'Vành phẳng, thêu logo', 200000, 130),
(11, N'Nón Tai Bèo', N'Chống nắng, rộng vành', 150000, 110),
(11, N'Mũ Len Beanie', N'Giữ ấm mùa đông', 120000, 180),
(11, N'Mũ Snapback Premium', N'Da lộn, cao cấp', 280000, 70),
(11, N'Nón Kết Thể Thao', N'Thoáng khí, chống UV', 160000, 140),

-- === ACCESSORIES > Slides (CategoryID: 12) ===
(12, N'Dép Slides Đen', N'Đế êm, chống trượt', 250000, 200),
(12, N'Dép Quai Ngang', N'Họa tiết logo, unisex', 280000, 180),
(12, N'Dép Foam Siêu Nhẹ', N'Xốp EVA, êm chân', 150000, 250),
(12, N'Dép Xỏ Ngón', N'Đi biển, đế êm', 180000, 160),
(12, N'Dép Slides Massage', N'Đế có gai massage', 290000, 120),
(12, N'Dép Thể Thao', N'Đế chống trượt cao cấp', 320000, 100),

-- === BAG (CategoryID: 4) - Không có danh mục con ===
(4, N'Balo Laptop 15.6 inch', N'Chống sốc, chống nước', 650000, 80),
(4, N'Balo Du Lịch Lớn', N'Dung tích 40L', 850000, 60),
(4, N'Túi Đeo Chéo Nữ', N'Da PU, nhỏ gọn', 350000, 100),
(4, N'Túi Đeo Chéo Nam', N'Vải Canvas, phong cách thể thao', 380000, 90),
(4, N'Túi Xách Tay Nữ', N'Da thật, sang trọng', 1200000, 50),
(4, N'Túi Bowling Mini', N'Da PU, nhiều màu', 550000, 70),
(4, N'Balo Mini Nữ', N'Nhỏ xinh, đi chơi', 320000, 110),
(4, N'Túi Đeo Hông', N'Hip bag, thể thao', 280000, 100),
(4, N'Túi Tote Canvas', N'Vải bố, in hình', 180000, 200),
(4, N'Balo Thời Trang Nữ', N'Da PU, nhiều ngăn', 450000, 95),
(4, N'Túi Đeo Vai Vải', N'Canvas, kiểu dáng tote', 220000, 130),
(4, N'Túi Clutch Dự Tiệc', N'Ánh kim, sang trọng', 380000, 70),
(4, N'Balo Unisex Basic', N'Đơn giản, nhiều ngăn', 420000, 140),
(4, N'Túi Messenger', N'Đeo chéo, phong cách công sở', 490000, 85);

GO



-- 🖼️ 6. ẢNH SẢN PHẨM (100 PRODUCT IMAGES)
INSERT INTO ProductImages (ProductID, ImageURL, IsPrimary) VALUES
(1, 'https://example.com/products/1_main.jpg', 1),
(1, 'https://example.com/products/1_sub1.jpg', 0),
(2, 'https://example.com/products/2_main.jpg', 1),
(3, 'https://example.com/products/3_main.jpg', 1),
(4, 'https://example.com/products/4_main.jpg', 1),
(5, 'https://example.com/products/5_main.jpg', 1),
(5, 'https://example.com/products/5_sub1.jpg', 0),
(6, 'https://example.com/products/6_main.jpg', 1),
(7, 'https://example.com/products/7_main.jpg', 1),
(8, 'https://example.com/products/8_main.jpg', 1),
(9, 'https://example.com/products/9_main.jpg', 1),
(9, 'https://example.com/products/9_sub1.jpg', 0),
(10, 'https://example.com/products/10_main.jpg', 1),
(11, 'https://example.com/products/11_main.jpg', 1),
(12, 'https://example.com/products/12_main.jpg', 1),
(13, 'https://example.com/products/13_main.jpg', 1),
(14, 'https://example.com/products/14_main.jpg', 1),
(15, 'https://example.com/products/15_main.jpg', 1),
(16, 'https://example.com/products/16_main.jpg', 1),
(17, 'https://example.com/products/17_main.jpg', 1),
(18, 'https://example.com/products/18_main.jpg', 1),
(19, 'https://example.com/products/19_main.jpg', 1),
(20, 'https://example.com/products/20_main.jpg', 1),
(21, 'https://example.com/products/21_main.jpg', 1),
(22, 'https://example.com/products/22_main.jpg', 1),
(23, 'https://example.com/products/23_main.jpg', 1),
(24, 'https://example.com/products/24_main.jpg', 1),
(25, 'https://example.com/products/25_main.jpg', 1),
(26, 'https://example.com/products/26_main.jpg', 1),
(27, 'https://example.com/products/27_main.jpg', 1),
(28, 'https://example.com/products/28_main.jpg', 1),
(29, 'https://example.com/products/29_main.jpg', 1),
(30, 'https://example.com/products/30_main.jpg', 1),
(31, 'https://example.com/products/31_main.jpg', 1),
(32, 'https://example.com/products/32_main.jpg', 1),
(33, 'https://example.com/products/33_main.jpg', 1),
(34, 'https://example.com/products/34_main.jpg', 1),
(35, 'https://example.com/products/35_main.jpg', 1),
(36, 'https://example.com/products/36_main.jpg', 1),
(37, 'https://example.com/products/37_main.jpg', 1),
(38, 'https://example.com/products/38_main.jpg', 1),
(39, 'https://example.com/products/39_main.jpg', 1),
(40, 'https://example.com/products/40_main.jpg', 1),
(41, 'https://example.com/products/41_main.jpg', 1),
(42, 'https://example.com/products/42_main.jpg', 1),
(43, 'https://example.com/products/43_main.jpg', 1),
(44, 'https://example.com/products/44_main.jpg', 1),
(45, 'https://example.com/products/45_main.jpg', 1),
(46, 'https://example.com/products/46_main.jpg', 1),
(47, 'https://example.com/products/47_main.jpg', 1),
(48, 'https://example.com/products/48_main.jpg', 1),
(49, 'https://example.com/products/49_main.jpg', 1),
(50, 'https://example.com/products/50_main.jpg', 1),
(51, 'https://example.com/products/51_main.jpg', 1),
(52, 'https://example.com/products/52_main.jpg', 1),
(53, 'https://example.com/products/53_main.jpg', 1),
(54, 'https://example.com/products/54_main.jpg', 1),
(55, 'https://example.com/products/55_main.jpg', 1),
(56, 'https://example.com/products/56_main.jpg', 1),
(57, 'https://example.com/products/57_main.jpg', 1),
(58, 'https://example.com/products/58_main.jpg', 1),
(59, 'https://example.com/products/59_main.jpg', 1),
(60, 'https://example.com/products/60_main.jpg', 1),
(61, 'https://example.com/products/61_main.jpg', 1),
(62, 'https://example.com/products/62_main.jpg', 1),
(63, 'https://example.com/products/63_main.jpg', 1),
(64, 'https://example.com/products/64_main.jpg', 1),
(65, 'https://example.com/products/65_main.jpg', 1),
(66, 'https://example.com/products/66_main.jpg', 1),
(67, 'https://example.com/products/67_main.jpg', 1),
(68, 'https://example.com/products/68_main.jpg', 1),
(69, 'https://example.com/products/69_main.jpg', 1),
(70, 'https://example.com/products/70_main.jpg', 1),
(71, 'https://example.com/products/71_main.jpg', 1),
(72, 'https://example.com/products/72_main.jpg', 1),
(73, 'https://example.com/products/73_main.jpg', 1),
(74, 'https://example.com/products/74_main.jpg', 1),
(75, 'https://example.com/products/75_main.jpg', 1),
(76, 'https://example.com/products/76_main.jpg', 1),
(77, 'https://example.com/products/77_main.jpg', 1),
(78, 'https://example.com/products/78_main.jpg', 1),
(79, 'https://example.com/products/79_main.jpg', 1),
(80, 'https://example.com/products/80_main.jpg', 1),
(81, 'https://example.com/products/81_main.jpg', 1),
(82, 'https://example.com/products/82_main.jpg', 1),
(83, 'https://example.com/products/83_main.jpg', 1),
(84, 'https://example.com/products/84_main.jpg', 1);
GO

-- 🌈 7. BIẾN THỂ SẢN PHẨM (100 PRODUCT VARIANTS)
INSERT INTO ProductVariants (ProductID, Size, Color, SKU, Price, StockQuantity) VALUES
(1, 'M', NULL, 'BASIC-TEE-M', 199000, 50),
(1, 'L', NULL, 'BASIC-TEE-L', 199000, 50),
(1, 'XL', NULL, 'BASIC-TEE-XL', 199000, 50),
(2, 'M', NULL, 'POLO-M', 350000, 40),
(2, 'L', NULL, 'POLO-L', 350000, 40),
(2, 'XL', NULL, 'POLO-XL', 350000, 40),
(3, 'M', NULL, 'OXFORD-M', 450000, 30),
(3, 'L', NULL, 'OXFORD-L', 450000, 35),
(3, 'XL', NULL, 'OXFORD-XL', 450000, 35),
(4, 'M', NULL, 'STRIPE-M', 420000, 30),
(4, 'L', NULL, 'STRIPE-L', 420000, 30),
(4, 'XL', NULL, 'STRIPE-XL', 420000, 30),
(5, 'M', NULL, 'SWEATER-M', 580000, 25),
(5, 'L', NULL, 'SWEATER-L', 580000, 25),
(5, 'XL', NULL, 'SWEATER-XL', 580000, 20),
(6, 'S', NULL, 'CARDIGAN-S', 520000, 25),
(6, 'M', NULL, 'CARDIGAN-M', 520000, 30),
(6, 'L', NULL, 'CARDIGAN-L', 520000, 25),
(7, NULL, N'Đen', 'HOODIE-BLACK', 650000, 50),
(7, NULL, N'Xám', 'HOODIE-GRAY', 650000, 50),
(8, NULL, N'Đen', 'CREWNECK-BLACK', 480000, 40),
(8, NULL, N'Trắng', 'CREWNECK-WHITE', 480000, 35),
(8, NULL, N'Xám', 'CREWNECK-GRAY', 480000, 35),
(9, 'M', N'Đen', 'BOMBER-M-BLACK', 850000, 20),
(9, 'L', N'Đen', 'BOMBER-L-BLACK', 850000, 20),
(9, 'L', N'Xanh', 'BOMBER-L-NAVY', 850000, 20),
(10, 'M', NULL, 'PUFFER-M', 1200000, 15),
(10, 'L', NULL, 'PUFFER-L', 1200000, 15),
(10, 'XL', NULL, 'PUFFER-XL', 1200000, 20),
(11, '29', NULL, 'JEAN-SLIM-29', 650000, 30),
(11, '30', NULL, 'JEAN-SLIM-30', 650000, 30),
(11, '31', NULL, 'JEAN-SLIM-31', 650000, 30),
(12, '29', NULL, 'JEAN-WIDE-29', 680000, 28),
(12, '30', NULL, 'JEAN-WIDE-30', 680000, 28),
(12, '31', NULL, 'JEAN-WIDE-31', 680000, 29),
(13, '29', NULL, 'CHINO-29', 550000, 33),
(13, '30', NULL, 'CHINO-30', 550000, 33),
(13, '31', NULL, 'CHINO-31', 550000, 34),
(14, 'M', NULL, 'SHORT-KHAKI-M', 380000, 40),
(14, 'L', NULL, 'SHORT-KHAKI-L', 380000, 40),
(14, 'XL', NULL, 'SHORT-KHAKI-XL', 380000, 40),
(15, '29', NULL, 'SHORT-JEAN-29', 420000, 30),
(15, '30', NULL, 'SHORT-JEAN-30', 420000, 32),
(15, '31', NULL, 'SHORT-JEAN-31', 420000, 33),
(16, 'S', NULL, 'DRESS-MIDI-S', 580000, 25),
(16, 'M', NULL, 'DRESS-MIDI-M', 580000, 25),
(16, 'L', NULL, 'DRESS-MIDI-L', 580000, 20),
(17, 'S', NULL, 'SKIRT-PLEAT-S', 450000, 27),
(17, 'M', NULL, 'SKIRT-PLEAT-M', 450000, 27),
(17, 'L', NULL, 'SKIRT-PLEAT-L', 450000, 26),
(18, 'M', NULL, 'DRESS-NAVY-M', 720000, 20),
(18, 'L', NULL, 'DRESS-NAVY-L', 720000, 20),
(18, 'XL', NULL, 'DRESS-NAVY-XL', 720000, 20),
(19, NULL, N'Đen', 'CAP-BLACK', 150000, 100),
(19, NULL, N'Trắng', 'CAP-WHITE', 150000, 100),
(20, NULL, N'Xanh', 'SCARF-BLUE', 280000, 50),
(20, NULL, N'Đỏ', 'SCARF-RED', 280000, 50),
(21, NULL, N'Đen', 'BUCKET-BLACK', 180000, 50),
(21, NULL, N'Be', 'BUCKET-BEIGE', 180000, 50),
(21, NULL, N'Trắng', 'BUCKET-WHITE', 180000, 50),
(22, NULL, N'Đen', 'BERET-BLACK', 220000, 45),
(22, NULL, N'Xám', 'BERET-GRAY', 220000, 45),
(23, NULL, N'Đen', 'SLIDE-BLACK', 250000, 100),
(23, NULL, N'Trắng', 'SLIDE-WHITE', 250000, 100),
(24, NULL, N'Đen', 'SANDAL-BLACK', 280000, 90),
(24, NULL, N'Nâu', 'SANDAL-BROWN', 280000, 90),
(25, NULL, N'Đen', 'WALLET-M-BLACK', 450000, 50),
(25, NULL, N'Nâu', 'WALLET-M-BROWN', 450000, 50),
(26, NULL, N'Đen', 'WALLET-W-BLACK', 320000, 60),
(26, NULL, N'Hồng', 'WALLET-W-PINK', 320000, 60),
(27, 'M', N'Đen', 'BOXER-M-BLACK', 180000, 100),
(27, 'L', N'Đen', 'BOXER-L-BLACK', 180000, 100),
(27, 'XL', N'Đen', 'BOXER-XL-BLACK', 180000, 100),
(28, 'M', NULL, 'BRA-M', 220000, 80),
(28, 'L', NULL, 'BRA-L', 220000, 85),
(28, 'XL', NULL, 'BRA-XL', 220000, 85),
(29, NULL, N'Trắng', 'MASK-3D-WHITE', 100000, 250),
(29, NULL, N'Đen', 'MASK-3D-BLACK', 100000, 250),
(30, NULL, N'Đen', 'MASK-AC-BLACK', 150000, 200),
(30, NULL, N'Xám', 'MASK-AC-GRAY', 150000, 200),
(31, NULL, N'Đen', 'BACKPACK-BLACK', 650000, 40),
(31, NULL, N'Xám', 'BACKPACK-GRAY', 650000, 40),
(32, NULL, N'Xanh', 'TRAVEL-BLUE', 850000, 30),
(32, NULL, N'Đen', 'TRAVEL-BLACK', 850000, 30),
(33, NULL, N'Đen', 'CROSS-W-BLACK', 350000, 50),
(33, NULL, N'Nâu', 'CROSS-W-BROWN', 350000, 50),
(34, NULL, N'Đen', 'CROSS-M-BLACK', 380000, 45),
(34, NULL, N'Xám', 'CROSS-M-GRAY', 380000, 45),
(35, NULL, N'Đen', 'TOTE-BLACK', 1200000, 25),
(35, NULL, N'Nâu', 'TOTE-BROWN', 1200000, 25),
(36, NULL, N'Hồng', 'BOWL-PINK', 550000, 35),
(36, NULL, N'Trắng', 'BOWL-WHITE', 550000, 35),
(37, 'M', NULL, 'OVER-M', 250000, 60),
(37, 'L', NULL, 'OVER-L', 250000, 60),
(37, 'XL', NULL, 'OVER-XL', 250000, 60);
GO
-- 🛒 8. GIỎ HÀNG (CARTS) VÀ CHI TIẾT (CART ITEMS)
INSERT INTO Carts (AccountID) VALUES (2), (3), (5); -- Carts for User A, B, D (CartID 1, 2, 3)
GO
INSERT INTO CartItems (CartID, ProductID, VariantID, Quantity) VALUES
(1, 1, 2, 1), -- User A (Cart 1) muốn 1 Áo Sơ Mi (VariantID 2 = Size L)
(1, 2, 3, 1), -- User A (Cart 1) muốn 1 Quần Jeans (VariantID 3 = Size 30)
(2, 3, 5, 2), -- User B (Cart 2) muốn 2 Áo Thun (VariantID 5 = Màu Trắng)
(3, 10, NULL, 1); -- User D (Cart 3) muốn 1 Áo Croptop (ko có variant)
GO

-- 📦 10. ĐƠN HÀNG (100 ORDERS)
INSERT INTO Orders (AccountID, AddressID, TotalAmount, Status) VALUES
(2, 1, 1250000, 'Delivered'),
(3, 3, 680000, 'Delivered'),
(4, 4, 450000, 'Shipped'),
(5, 5, 580000, 'Delivered'),
(6, 6, 1300000, 'Pending'),
(7, 7, 920000, 'Confirmed'),
(8, 8, 750000, 'Delivered'),
(9, 9, 1100000, 'Shipped'),
(10, 10, 550000, 'Delivered'),
(11, 11, 480000, 'Cancelled'),
(12, 12, 650000, 'Delivered'),
(13, 13, 380000, 'Confirmed'),
(14, 14, 720000, 'Shipped'),
(15, 15, 850000, 'Delivered'),
(16, 16, 420000, 'Delivered'),
(17, 17, 990000, 'Pending'),
(18, 18, 1500000, 'Delivered'),
(19, 19, 280000, 'Shipped'),
(20, 20, 560000, 'Delivered'),
(21, 21, 780000, 'Confirmed'),
(22, 22, 440000, 'Delivered'),
(23, 23, 950000, 'Delivered'),
(24, 24, 620000, 'Shipped'),
(25, 25, 1350000, 'Delivered'),
(26, 26, 480000, 'Cancelled'),
(27, 27, 890000, 'Delivered'),
(28, 28, 1200000, 'Pending'),
(29, 29, 350000, 'Confirmed'),
(30, 30, 670000, 'Delivered'),
(31, 31, 1450000, 'Delivered'),
(32, 32, 820000, 'Shipped'),
(33, 33, 590000, 'Delivered'),
(34, 34, 1100000, 'Confirmed'),
(35, 35, 740000, 'Delivered'),
(36, 36, 980000, 'Delivered'),
(37, 37, 430000, 'Cancelled'),
(38, 38, 1250000, 'Delivered'),
(39, 39, 680000, 'Shipped'),
(40, 40, 520000, 'Delivered'),
(41, 41, 890000, 'Confirmed'),
(42, 42, 1350000, 'Delivered'),
(43, 43, 470000, 'Delivered'),
(44, 44, 920000, 'Pending'),
(45, 45, 1580000, 'Delivered'),
(46, 46, 650000, 'Shipped'),
(47, 47, 780000, 'Delivered'),
(48, 48, 1120000, 'Confirmed'),
(49, 49, 550000, 'Delivered'),
(50, 50, 830000, 'Delivered'),
(51, 51, 690000, 'Cancelled'),
(52, 52, 1400000, 'Delivered'),
(53, 53, 520000, 'Shipped'),
(54, 54, 980000, 'Delivered'),
(55, 55, 1250000, 'Confirmed'),
(56, 56, 420000, 'Delivered'),
(57, 57, 760000, 'Delivered'),
(58, 58, 1150000, 'Pending'),
(59, 59, 580000, 'Delivered'),
(60, 60, 890000, 'Shipped'),
(61, 61, 1320000, 'Delivered'),
(62, 62, 670000, 'Confirmed'),
(63, 63, 950000, 'Delivered'),
(64, 64, 1480000, 'Delivered'),
(65, 65, 540000, 'Cancelled'),
(66, 66, 820000, 'Delivered'),
(67, 67, 1200000, 'Shipped'),
(68, 68, 690000, 'Delivered'),
(69, 69, 1050000, 'Confirmed'),
(70, 70, 780000, 'Delivered'),
(71, 71, 920000, 'Delivered'),
(72, 72, 1380000, 'Pending'),
(73, 73, 550000, 'Delivered'),
(74, 74, 870000, 'Shipped'),
(75, 75, 1250000, 'Delivered'),
(76, 76, 620000, 'Confirmed'),
(77, 77, 980000, 'Delivered'),
(78, 78, 1450000, 'Delivered'),
(79, 79, 730000, 'Cancelled'),
(80, 80, 1100000, 'Delivered'),
(81, 81, 850000, 'Shipped'),
(82, 82, 590000, 'Delivered'),
(83, 83, 1280000, 'Confirmed'),
(84, 84, 720000, 'Delivered'),
(85, 85, 950000, 'Delivered'),
(86, 86, 1350000, 'Pending'),
(87, 87, 680000, 'Delivered'),
(88, 88, 1120000, 'Shipped'),
(89, 89, 820000, 'Delivered'),
(90, 90, 1480000, 'Confirmed'),
(91, 91, 560000, 'Delivered'),
(92, 92, 920000, 'Delivered'),
(93, 93, 1250000, 'Cancelled'),
(94, 94, 730000, 'Delivered'),
(95, 95, 1150000, 'Shipped'),
(96, 96, 890000, 'Delivered'),
(97, 97, 1320000, 'Confirmed'),
(98, 98, 650000, 'Delivered'),
(99, 99, 980000, 'Delivered');
GO

-- 📦 11. CHI TIẾT ĐƠN HÀNG (100 ORDER DETAILS)
INSERT INTO OrderDetails (OrderID, ProductID, VariantID, Quantity, UnitPrice) VALUES
(1, 1, 1, 2, 199000),
(1, 3, 7, 1, 450000),
(2, 2, 4, 2, 350000),
(3, 3, 8, 1, 450000),
(4, 5, 13, 1, 580000),
(5, 7, 19, 2, 650000),
(6, 9, 25, 1, 850000),
(6, 3, 7, 1, 450000),
(7, 11, 31, 1, 650000),
(8, 10, 28, 1, 1200000),
(9, 13, 37, 1, 550000),
(10, 14, 40, 1, 380000),
(11, 11, 32, 1, 650000),
(12, 16, 46, 1, 580000),
(13, 14, 41, 1, 380000),
(14, 17, 49, 1, 450000),
(15, 9, 25, 1, 850000),
(16, 14, 42, 1, 380000),
(17, 10, 29, 1, 1200000),
(18, 19, 55, 2, 150000),
(19, 20, 57, 2, 280000),
(20, 21, 59, 3, 180000),
(21, 23, 65, 3, 250000),
(22, 14, 40, 1, 380000),
(23, 9, 26, 1, 850000),
(24, 17, 50, 1, 450000),
(25, 10, 30, 1, 1200000),
(26, 13, 38, 1, 550000),
(27, 8, 22, 2, 480000),
(28, 10, 28, 1, 1200000),
(29, 1, 2, 2, 199000),
(30, 11, 33, 1, 650000),
(31, 10, 29, 1, 1200000),
(32, 7, 20, 1, 650000),
(33, 20, 58, 2, 280000),
(34, 10, 30, 1, 1200000),
(35, 17, 51, 2, 450000),
(36, 9, 27, 1, 850000),
(37, 14, 41, 1, 380000),
(38, 1, 1, 2, 199000),
(38, 9, 25, 1, 850000),
(39, 11, 31, 1, 680000),
(40, 13, 37, 1, 550000),
(41, 8, 21, 2, 480000),
(42, 10, 28, 1, 1200000),
(43, 14, 40, 1, 380000),
(44, 7, 19, 1, 650000),
(45, 10, 29, 1, 1200000),
(46, 11, 32, 1, 650000),
(47, 23, 66, 3, 250000),
(48, 10, 30, 1, 1200000),
(49, 13, 38, 1, 550000),
(50, 9, 26, 1, 850000),
(51, 11, 33, 1, 650000),
(52, 10, 28, 1, 1200000),
(53, 13, 39, 1, 550000),
(54, 9, 27, 1, 850000),
(55, 10, 29, 1, 1200000),
(56, 14, 42, 1, 380000),
(57, 23, 65, 3, 250000),
(58, 10, 30, 1, 1200000),
(59, 5, 14, 1, 580000),
(60, 8, 22, 2, 480000),
(61, 10, 28, 1, 1200000),
(62, 11, 34, 1, 680000),
(63, 9, 25, 1, 850000),
(64, 10, 29, 1, 1200000),
(65, 13, 37, 1, 550000),
(66, 7, 20, 1, 650000),
(67, 10, 30, 1, 1200000),
(68, 11, 31, 1, 650000),
(69, 10, 28, 1, 1200000),
(70, 23, 66, 3, 250000),
(71, 7, 19, 1, 650000),
(72, 10, 29, 1, 1200000),
(73, 13, 38, 1, 550000),
(74, 8, 23, 2, 480000),
(75, 10, 30, 1, 1200000),
(76, 17, 49, 1, 450000),
(77, 9, 26, 1, 850000),
(78, 10, 28, 1, 1200000),
(79, 17, 50, 2, 450000),
(80, 10, 29, 1, 1200000),
(81, 9, 25, 1, 850000),
(82, 20, 57, 2, 280000),
(83, 10, 30, 1, 1200000),
(84, 17, 51, 2, 450000),
(85, 9, 27, 1, 850000),
(86, 10, 28, 1, 1200000),
(87, 11, 32, 1, 680000),
(88, 10, 29, 1, 1200000),
(89, 7, 20, 1, 650000),
(90, 10, 30, 1, 1200000),
(91, 20, 58, 2, 280000),
(92, 7, 19, 1, 650000),
(93, 10, 28, 1, 1200000),
(94, 17, 49, 2, 450000),
(95, 10, 29, 1, 1200000),
(96, 8, 22, 2, 480000),
(97, 10, 30, 1, 1200000),
(98, 11, 33, 1, 650000),
(99, 9, 26, 1, 850000);
GO

-- 💳 12. THANH TOÁN (100 PAYMENTS)
INSERT INTO Payments (OrderID, Method, Amount, PaymentStatus) VALUES
(1, 'CreditCard', 1250000, 'Paid'),
(2, 'BankTransfer', 680000, 'Paid'),
(3, 'COD', 450000, 'Pending'),
(4, 'CreditCard', 580000, 'Paid'),
(5, 'BankTransfer', 1300000, 'Pending'),
(6, 'CreditCard', 920000, 'Paid'),
(7, 'COD', 750000, 'Paid'),
(8, 'BankTransfer', 1100000, 'Pending'),
(9, 'CreditCard', 550000, 'Paid'),
(10, 'COD', 480000, 'Failed'),
(11, 'CreditCard', 650000, 'Paid'),
(12, 'BankTransfer', 380000, 'Paid'),
(13, 'COD', 720000, 'Pending'),
(14, 'CreditCard', 850000, 'Paid'),
(15, 'BankTransfer', 420000, 'Paid'),
(16, 'COD', 990000, 'Pending'),
(17, 'CreditCard', 1500000, 'Paid'),
(18, 'BankTransfer', 280000, 'Pending'),
(19, 'COD', 560000, 'Paid'),
(20, 'CreditCard', 780000, 'Paid'),
(21, 'BankTransfer', 440000, 'Paid'),
(22, 'CreditCard', 950000, 'Paid'),
(23, 'COD', 620000, 'Pending'),
(24, 'CreditCard', 1350000, 'Paid'),
(25, 'BankTransfer', 480000, 'Failed'),
(26, 'CreditCard', 890000, 'Paid'),
(27, 'COD', 1200000, 'Pending'),
(28, 'CreditCard', 350000, 'Paid'),
(29, 'BankTransfer', 670000, 'Paid'),
(30, 'CreditCard', 1450000, 'Paid'),
(31, 'COD', 820000, 'Pending'),
(32, 'CreditCard', 590000, 'Paid'),
(33, 'BankTransfer', 1100000, 'Paid'),
(34, 'CreditCard', 740000, 'Paid'),
(35, 'COD', 980000, 'Paid'),
(36, 'CreditCard', 430000, 'Failed'),
(37, 'BankTransfer', 1250000, 'Paid'),
(38, 'COD', 680000, 'Pending'),
(39, 'CreditCard', 520000, 'Paid'),
(40, 'BankTransfer', 890000, 'Paid'),
(41, 'CreditCard', 1350000, 'Paid'),
(42, 'COD', 470000, 'Paid'),
(43, 'CreditCard', 920000, 'Pending'),
(44, 'BankTransfer', 1580000, 'Paid'),
(45, 'COD', 650000, 'Pending'),
(46, 'CreditCard', 780000, 'Paid'),
(47, 'BankTransfer', 1120000, 'Paid'),
(48, 'CreditCard', 550000, 'Paid'),
(49, 'COD', 830000, 'Paid'),
(50, 'CreditCard', 690000, 'Failed'),
(51, 'BankTransfer', 1400000, 'Paid'),
(52, 'COD', 520000, 'Pending'),
(53, 'CreditCard', 980000, 'Paid'),
(54, 'BankTransfer', 1250000, 'Paid'),
(55, 'CreditCard', 420000, 'Paid'),
(56, 'COD', 760000, 'Paid'),
(57, 'CreditCard', 1150000, 'Pending'),
(58, 'BankTransfer', 580000, 'Paid'),
(59, 'COD', 890000, 'Pending'),
(60, 'CreditCard', 1320000, 'Paid'),
(61, 'BankTransfer', 670000, 'Paid'),
(62, 'CreditCard', 950000, 'Paid'),
(63, 'COD', 1480000, 'Paid'),
(64, 'CreditCard', 540000, 'Failed'),
(65, 'BankTransfer', 820000, 'Paid'),
(66, 'COD', 1200000, 'Pending'),
(67, 'CreditCard', 690000, 'Paid'),
(68, 'BankTransfer', 1050000, 'Paid'),
(69, 'CreditCard', 780000, 'Paid'),
(70, 'COD', 920000, 'Paid'),
(71, 'CreditCard', 1380000, 'Pending'),
(72, 'BankTransfer', 550000, 'Paid'),
(73, 'COD', 870000, 'Pending'),
(74, 'CreditCard', 1250000, 'Paid'),
(75, 'BankTransfer', 620000, 'Paid'),
(76, 'CreditCard', 980000, 'Paid'),
(77, 'COD', 1450000, 'Paid'),
(78, 'CreditCard', 730000, 'Failed'),
(79, 'BankTransfer', 1100000, 'Paid'),
(80, 'COD', 850000, 'Pending'),
(81, 'CreditCard', 590000, 'Paid'),
(82, 'BankTransfer', 1280000, 'Paid'),
(83, 'CreditCard', 720000, 'Paid'),
(84, 'COD', 950000, 'Paid'),
(85, 'CreditCard', 1350000, 'Pending'),
(86, 'BankTransfer', 680000, 'Paid'),
(87, 'COD', 1120000, 'Pending'),
(88, 'CreditCard', 820000, 'Paid'),
(89, 'BankTransfer', 1480000, 'Paid'),
(90, 'CreditCard', 560000, 'Paid'),
(91, 'COD', 920000, 'Paid'),
(92, 'CreditCard', 1250000, 'Failed'),
(93, 'BankTransfer', 730000, 'Paid'),
(94, 'COD', 1150000, 'Pending'),
(95, 'CreditCard', 890000, 'Paid'),
(96, 'BankTransfer', 1320000, 'Paid'),
(97, 'CreditCard', 650000, 'Paid'),
(98, 'COD', 980000, 'Paid');
GO


INSERT INTO Reviews (ProductID, AccountID, Rating, Comment) VALUES
(1, 2, 5, N'Áo rất đẹp, vải mịn, không nhăn. Rất hài lòng!'),
(2, 2, 4, N'Quần co giãn tốt, mặc thoải mái.'),
(3, 3, 5, N'Áo thun chất lượng, giao hàng nhanh.'),
(1, 3, 3, N'Áo cũng được, nhưng size L hơi rộng so với mình.'),
(4, 2, 5, N'Váy xinh, mặc lên tôn dáng.'),
(5, 2, 5, N'Đồng hồ xịn, đáng tiền.');
GO

-- Bổ sung thêm nhiều đánh giá theo yêu cầu
INSERT INTO Reviews (ProductID, AccountID, Rating, Comment) VALUES
(7, 4, 5, N'Hoodie chất lượng, dày dặn, ấm áp. Shop tư vấn nhiệt tình.'),
(7, 5, 4, N'Áo hoodie form đẹp, nhưng màu xám không đậm như hình.'),
(8, 6, 5, N'Nỉ mềm, form đẹp, mặc ở nhà hay đi chơi đều ổn.'),
(9, 7, 5, N'Áo khoác bomber rất xịn, đường may chắc chắn.'),
(10, 8, 5, N'Áo phao siêu nhẹ mà siêu ấm, rất đáng tiền.'),
(11, 9, 4, N'Jean co giãn tốt, nhưng phần ống hơi dài so với mình.'),
(12, 10, 5, N'Quần ống rộng đẹp lắm, y hệt mẫu. Sẽ ủng hộ shop tiếp.'),
(13, 11, 3, N'Quần Kaki chất lượng tạm ổn, hơi xù lông nhẹ sau khi giặt.'),
(14, 12, 5, N'Short mặc mùa hè rất mát, vải thấm mồ hôi tốt.'),
(15, 13, 4, N'Short jean đẹp, cá tính, nhưng nút cài hơi lỏng.'),
(16, 14, 5, N'Váy xinh, chất vải tốt, mặc lên ai cũng khen.'),
(17, 15, 4, N'Chân váy dễ phối đồ, cạp hơi chật một chút.'),
(18, 16, 5, N'Đầm công sở đẹp, thanh lịch, vải không nhăn.'),
(19, 17, 5, N'Mũ đẹp, vải tốt, form mũ đứng, đội rất thích.'),
(20, 18, 4, N'Khăn lụa mềm mại, làm quà tặng rất hợp lý.'),
(21, 19, 5, N'Nón bucket xinh xắn, 2 mặt đều đẹp.'),
(22, 20, 4, N'Mũ beret phong cách, hợp với mùa đông.'),
(23, 21, 5, N'Dép êm chân, thoải mái, đi nước không bị hôi.'),
(24, 22, 4, N'Dép quai ngang đẹp, nhưng đế hơi cứng.'),
(25, 23, 5, N'Ví da thật, nhiều ngăn, cầm chắc tay. Rất ưng.'),
(26, 24, 4, N'Ví nhỏ gọn, tiện lợi, để được nhiều thẻ.'),
(27, 25, 5, N'Boxer thoáng mát, chất vải co giãn cực kỳ thoải mái.'),
(28, 26, 3, N'Áo lót thoải mái, nhưng gọng hơi cấn.'),
(29, 27, 5, N'Khẩu trang chất lượng, đeo không bị bí, dây không đau tai.'),
(30, 28, 4, N'Mask lọc bụi tốt, 5 lớp an tâm.'),
(31, 29, 5, N'Balo chống sốc tốt, đựng laptop 15.6 inch vừa khít.'),
(32, 30, 4, N'Balo du lịch rộng rãi, nhiều ngăn, nhưng dây kéo hơi rít.'),
(33, 31, 5, N'Túi đeo chéo xinh, nhỏ gọn mà đựng được nhiều đồ.'),
(34, 32, 4, N'Túi vải canvas bền, hình in sắc nét.'),
(35, 33, 5, N'Túi xách sang trọng, da mềm, không có chỉ thừa.'),
(36, 34, 4, N'Túi bowling cute, nhưng dây đeo hơi ngắn.'),
(37, 35, 5, N'Áo oversize form đẹp, đúng kiểu Hàn Quốc.'),
(38, 36, 4, N'Tank top mỏng mát, hợp tập gym, nhưng hơi mỏng.'),
(39, 37, 5, N'Áo linen thoáng khí, mặc mùa hè không gì bằng.'),
(40, 38, 4, N'Flannel ấm áp, màu kẻ caro đẹp, vải hơi xù nhẹ.');
GO

-- 💖 14. WISHLIST (100 WISHLISTS)
INSERT INTO Wishlists (AccountID, ProductID) VALUES
(2, 10),(2, 15),(2, 20),(3, 5),(3, 12),(3, 18),(4, 8),(4, 14),(4, 22),
(5, 1),(5, 7),(5, 13),(6, 3),(6, 9),(6, 16),(7, 2),(7, 11),(7, 19),
(8, 4),(8, 10),(8, 21),(9, 6),(9, 12),(9, 23),(10, 1),(10, 8),(10, 17),
(11, 5),(11, 15),(11, 24),(12, 2),(12, 9),(12, 20),(13, 7),(13, 14),(13, 25),
(14, 3),(14, 11),(14, 18),(15, 4),(15, 13),(15, 22),(16, 6),(16, 16),(16, 26),
(17, 1),(17, 10),(17, 19),(18, 8),(18, 12),(18, 27),(19, 5),(19, 15),(19, 21),
(20, 2),(20, 9),(20, 23),(21, 7),(21, 14),(21, 28),(22, 3),(22, 11),(22, 24),
(23, 4),(23, 13),(23, 29),(24, 6),(24, 16),(24, 30),(25, 1),(25, 10),(25, 20),
(26, 8),(26, 12),(26, 31),(27, 5),(27, 15),(27, 25),(28, 2),(28, 9),(28, 32),
(29, 7),(29, 14),(29, 22),(30, 3),(30, 11),(30, 33),(31, 4),(31, 13),(31, 27),
(32, 6),(32, 16),(32, 34),(33, 1),(33, 10),(33, 28),(34, 8),(34, 12),(34, 35);
GO

-- 🎁 15. VOUCHER (100 VOUCHERS)
INSERT INTO Vouchers (Code, Description, DiscountPercent, MinOrderAmount, StartDate, EndDate) VALUES
('GIAM10', N'Giảm 10% đơn từ 500k', 10.00, 500000, GETDATE(), DATEADD(month, 1, GETDATE())),
('GIAM15', N'Giảm 15% đơn từ 800k', 15.00, 800000, GETDATE(), DATEADD(month, 1, GETDATE())),
('GIAM20', N'Giảm 20% đơn từ 1tr', 20.00, 1000000, GETDATE(), DATEADD(month, 2, GETDATE())),
('GIAM25', N'Giảm 25% đơn từ 1.5tr', 25.00, 1500000, GETDATE(), DATEADD(month, 2, GETDATE())),
('GIAM30', N'Giảm 30% đơn từ 2tr', 30.00, 2000000, GETDATE(), DATEADD(month, 3, GETDATE())),
('FREESHIP', N'Miễn phí vận chuyển', 0.00, 200000, GETDATE(), DATEADD(month, 1, GETDATE())),
('FREESHIP2', N'Miễn phí vận chuyển đơn 300k', 0.00, 300000, GETDATE(), DATEADD(month, 1, GETDATE())),
('NEWUSER', N'Giảm 50k cho thành viên mới', 0.00, 250000, GETDATE(), DATEADD(month, 6, GETDATE())),
('WELCOME10', N'Chào mừng giảm 10%', 10.00, 400000, GETDATE(), DATEADD(month, 3, GETDATE())),
('SUMMER20', N'Khuyến mãi mùa hè 20%', 20.00, 600000, GETDATE(), DATEADD(month, 2, GETDATE())),
('AUTUMN15', N'Thu về giảm 15%', 15.00, 700000, GETDATE(), DATEADD(month, 2, GETDATE())),
('WINTER25', N'Đông ấm giảm 25%', 25.00, 1200000, GETDATE(), DATEADD(month, 3, GETDATE())),
('SPRING10', N'Xuân mới giảm 10%', 10.00, 500000, GETDATE(), DATEADD(month, 3, GETDATE())),
('FLASH5', N'Flash sale giảm 5%', 5.00, 300000, GETDATE(), DATEADD(day, 7, GETDATE())),
('FLASH10', N'Flash sale giảm 10%', 10.00, 500000, GETDATE(), DATEADD(day, 7, GETDATE())),
('MEGA20', N'Mega sale 20%', 20.00, 800000, GETDATE(), DATEADD(month, 1, GETDATE())),
('MEGA30', N'Mega sale 30%', 30.00, 1500000, GETDATE(), DATEADD(month, 1, GETDATE())),
('VIP10', N'VIP giảm 10%', 10.00, 600000, GETDATE(), DATEADD(month, 6, GETDATE())),
('VIP15', N'VIP giảm 15%', 15.00, 900000, GETDATE(), DATEADD(month, 6, GETDATE())),
('VIP20', N'VIP giảm 20%', 20.00, 1200000, GETDATE(), DATEADD(month, 6, GETDATE())),
('MEMBER5', N'Thành viên giảm 5%', 5.00, 400000, GETDATE(), DATEADD(month, 12, GETDATE())),
('MEMBER10', N'Thành viên giảm 10%', 10.00, 700000, GETDATE(), DATEADD(month, 12, GETDATE())),
('BDAY20', N'Sinh nhật giảm 20%', 20.00, 500000, GETDATE(), DATEADD(month, 1, GETDATE())),
('BDAY30', N'Sinh nhật giảm 30%', 30.00, 1000000, GETDATE(), DATEADD(month, 1, GETDATE())),
('LOYAL15', N'Khách hàng thân thiết 15%', 15.00, 800000, GETDATE(), DATEADD(month, 12, GETDATE())),
('LOYAL20', N'Khách hàng thân thiết 20%', 20.00, 1200000, GETDATE(), DATEADD(month, 12, GETDATE())),
('STUDENT10', N'Sinh viên giảm 10%', 10.00, 400000, GETDATE(), DATEADD(month, 12, GETDATE())),
('STUDENT15', N'Sinh viên giảm 15%', 15.00, 600000, GETDATE(), DATEADD(month, 12, GETDATE())),
('FIRSTBUY', N'Mua lần đầu giảm 20%', 20.00, 500000, GETDATE(), DATEADD(month, 3, GETDATE())),
('COMEBACK10', N'Quay lại giảm 10%', 10.00, 600000, GETDATE(), DATEADD(month, 2, GETDATE())),
('APP10', N'Đặt qua app giảm 10%', 10.00, 400000, GETDATE(), DATEADD(month, 6, GETDATE())),
('APP15', N'Đặt qua app giảm 15%', 15.00, 700000, GETDATE(), DATEADD(month, 6, GETDATE())),
('WEEKEND10', N'Cuối tuần giảm 10%', 10.00, 500000, GETDATE(), DATEADD(month, 1, GETDATE())),
('WEEKEND15', N'Cuối tuần giảm 15%', 15.00, 800000, GETDATE(), DATEADD(month, 1, GETDATE())),
('MONDAY5', N'Thứ 2 vui vẻ giảm 5%', 5.00, 300000, GETDATE(), DATEADD(month, 1, GETDATE())),
('FRIDAY10', N'Thứ 6 rực rỡ giảm 10%', 10.00, 500000, GETDATE(), DATEADD(month, 1, GETDATE())),
('NOON20', N'Giờ nghỉ trưa giảm 20%', 20.00, 600000, GETDATE(), DATEADD(day, 15, GETDATE())),
('NIGHT15', N'Đêm vàng giảm 15%', 15.00, 700000, GETDATE(), DATEADD(day, 15, GETDATE())),
('EARLY10', N'Dậy sớm giảm 10%', 10.00, 400000, GETDATE(), DATEADD(month, 1, GETDATE())),
('LATE5', N'Đêm khuya giảm 5%', 5.00, 300000, GETDATE(), DATEADD(month, 1, GETDATE())),
('COUPLE20', N'Cặp đôi giảm 20%', 20.00, 1000000, GETDATE(), DATEADD(month, 1, GETDATE())),
('FAMILY15', N'Gia đình giảm 15%', 15.00, 1500000, GETDATE(), DATEADD(month, 2, GETDATE())),
('GROUP10', N'Mua nhóm giảm 10%', 10.00, 2000000, GETDATE(), DATEADD(month, 2, GETDATE())),
('COMBO20', N'Combo giảm 20%', 20.00, 900000, GETDATE(), DATEADD(month, 1, GETDATE())),
('BUNDLE15', N'Mua kèm giảm 15%', 15.00, 800000, GETDATE(), DATEADD(month, 1, GETDATE())),
('BUY2GET10', N'Mua 2 giảm 10%', 10.00, 700000, GETDATE(), DATEADD(month, 1, GETDATE())),
('BUY3GET15', N'Mua 3 giảm 15%', 15.00, 1000000, GETDATE(), DATEADD(month, 1, GETDATE())),
('TOPUP10', N'Nạp tiền giảm 10%', 10.00, 500000, GETDATE(), DATEADD(month, 3, GETDATE())),
('POINT20', N'Đổi điểm giảm 20%', 20.00, 600000, GETDATE(), DATEADD(month, 6, GETDATE())),
('REVIEW10', N'Viết review giảm 10%', 10.00, 400000, GETDATE(), DATEADD(month, 3, GETDATE())),
('SHARE5', N'Chia sẻ giảm 5%', 5.00, 300000, GETDATE(), DATEADD(month, 2, GETDATE())),
('REFER15', N'Giới thiệu bạn giảm 15%', 15.00, 700000, GETDATE(), DATEADD(month, 6, GETDATE())),
('INVITE20', N'Mời bạn giảm 20%', 20.00, 1000000, GETDATE(), DATEADD(month, 6, GETDATE())),
('SOCIAL10', N'Follow mạng xã hội giảm 10%', 10.00, 500000, GETDATE(), DATEADD(month, 3, GETDATE())),
('FB10', N'Fan Facebook giảm 10%', 10.00, 500000, GETDATE(), DATEADD(month, 3, GETDATE())),
('IG15', N'Follow Instagram giảm 15%', 15.00, 700000, GETDATE(), DATEADD(month, 3, GETDATE())),
('TIKTOK10', N'Follow TikTok giảm 10%', 10.00, 500000, GETDATE(), DATEADD(month, 3, GETDATE())),
('YOUTUBE5', N'Subscribe Youtube giảm 5%', 5.00, 400000, GETDATE(), DATEADD(month, 3, GETDATE())),
('EMAIL10', N'Đăng ký email giảm 10%', 10.00, 500000, GETDATE(), DATEADD(month, 6, GETDATE())),
('SMS5', N'Đăng ký SMS giảm 5%', 5.00, 300000, GETDATE(), DATEADD(month, 6, GETDATE())),
('NOTI10', N'Bật thông báo giảm 10%', 10.00, 500000, GETDATE(), DATEADD(month, 6, GETDATE())),
('CREDIT15', N'Thanh toán thẻ giảm 15%', 15.00, 800000, GETDATE(), DATEADD(month, 3, GETDATE())),
('BANK10', N'Chuyển khoản giảm 10%', 10.00, 600000, GETDATE(), DATEADD(month, 3, GETDATE())),
('WALLET20', N'Ví điện tử giảm 20%', 20.00, 700000, GETDATE(), DATEADD(month, 3, GETDATE())),
('MOMO15', N'Momo giảm 15%', 15.00, 600000, GETDATE(), DATEADD(month, 2, GETDATE())),
('ZALO10', N'ZaloPay giảm 10%', 10.00, 500000, GETDATE(), DATEADD(month, 2, GETDATE())),
('VNPAY15', N'VNPay giảm 15%', 15.00, 700000, GETDATE(), DATEADD(month, 2, GETDATE())),
('SHOPPE10', N'ShopeePay giảm 10%', 10.00, 500000, GETDATE(), DATEADD(month, 2, GETDATE())),
('VISA20', N'Visa giảm 20%', 20.00, 1000000, GETDATE(), DATEADD(month, 3, GETDATE())),
('MASTER15', N'Mastercard giảm 15%', 15.00, 800000, GETDATE(), DATEADD(month, 3, GETDATE())),
('JCB10', N'JCB giảm 10%', 10.00, 600000, GETDATE(), DATEADD(month, 3, GETDATE())),
('AMEX25', N'Amex giảm 25%', 25.00, 1500000, GETDATE(), DATEADD(month, 3, GETDATE())),
('INSTALL0', N'Trả góp 0%', 0.00, 1000000, GETDATE(), DATEADD(month, 6, GETDATE())),
('DISTRICT1', N'Quận 1 giảm 10%', 10.00, 500000, GETDATE(), DATEADD(month, 1, GETDATE())),
('DISTRICT2', N'Quận 2 giảm 10%', 10.00, 500000, GETDATE(), DATEADD(month, 1, GETDATE())),
('HCM15', N'TP.HCM giảm 15%', 15.00, 700000, GETDATE(), DATEADD(month, 2, GETDATE())),
('HANOI15', N'Hà Nội giảm 15%', 15.00, 700000, GETDATE(), DATEADD(month, 2, GETDATE())),
('DANANG10', N'Đà Nẵng giảm 10%', 10.00, 500000, GETDATE(), DATEADD(month, 2, GETDATE())),
('SOUTH10', N'Miền Nam giảm 10%', 10.00, 600000, GETDATE(), DATEADD(month, 2, GETDATE())),
('NORTH10', N'Miền Bắc giảm 10%', 10.00, 600000, GETDATE(), DATEADD(month, 2, GETDATE())),
('CENTRAL10', N'Miền Trung giảm 10%', 10.00, 600000, GETDATE(), DATEADD(month, 2, GETDATE())),
('NATIONWIDE', N'Toàn quốc giảm 10%', 10.00, 500000, GETDATE(), DATEADD(month, 3, GETDATE())),
('FASTSHIP', N'Giao nhanh giảm 5%', 5.00, 400000, GETDATE(), DATEADD(month, 1, GETDATE())),
('STANDARD', N'Giao tiêu chuẩn miễn phí', 0.00, 300000, GETDATE(), DATEADD(month, 1, GETDATE())),
('EXPRESS10', N'Giao hỏa tốc giảm 10%', 10.00, 800000, GETDATE(), DATEADD(month, 1, GETDATE())),
('PICKUP5', N'Tự lấy giảm 5%', 5.00, 300000, GETDATE(), DATEADD(month, 2, GETDATE())),
('COD0', N'COD miễn phí', 0.00, 200000, GETDATE(), DATEADD(month, 1, GETDATE())),
('BULKORDER', N'Đơn lớn giảm 30%', 30.00, 3000000, GETDATE(), DATEADD(month, 6, GETDATE())),
('CORPORATE', N'Doanh nghiệp giảm 25%', 25.00, 5000000, GETDATE(), DATEADD(month, 12, GETDATE())),
('WHOLESALE', N'Bán sỉ giảm 20%', 20.00, 10000000, GETDATE(), DATEADD(month, 12, GETDATE())),
('RESELLER', N'Đại lý giảm 35%', 35.00, 20000000, GETDATE(), DATEADD(month, 12, GETDATE())),
('BLACKFRIDAY', N'Black Friday giảm 50%', 50.00, 1000000, DATEADD(year, -1, GETDATE()), DATEADD(month, -11, GETDATE())),
('CYBER30', N'Cyber Monday giảm 30%', 30.00, 800000, DATEADD(month, -6, GETDATE()), DATEADD(month, -5, GETDATE())),
('XMAS25', N'Giáng sinh giảm 25%', 25.00, 1000000, DATEADD(month, -2, GETDATE()), DATEADD(month, -1, GETDATE())),
('NEWYEAR20', N'Năm mới giảm 20%', 20.00, 800000, DATEADD(month, -1, GETDATE()), GETDATE()),
('TET30', N'Tết giảm 30%', 30.00, 1500000, DATEADD(month, -3, GETDATE()), DATEADD(month, -2, GETDATE()));
GO

-- 💬 16. CHAT ROOMS (100 CHAT ROOMS)
INSERT INTO ChatRooms (CustomerID, AdminID, IsClosed) VALUES
(2, 1, 0),(3, 1, 0),(4, 1, 1),(5, 1, 0),(6, 1, 0),(7, 1, 1),(8, 1, 0),(9, 1, 0),(10, 1, 1),
(11, 1, 0),(12, 1, 0),(13, 1, 0),(14, 1, 1),(15, 1, 0),(16, 1, 0),(17, 1, 0),(18, 1, 1),(19, 1, 0),
(20, 1, 0),(21, 1, 0),(22, 1, 1),(23, 1, 0),(24, 1, 0),(25, 1, 0),(26, 1, 1),(27, 1, 0),(28, 1, 0),
(29, 1, 0),(30, 1, 1),(31, 1, 0),(32, 1, 0),(33, 1, 0),(34, 1, 1),(35, 1, 0),(36, 1, 0),(37, 1, 0),
(38, 1, 1),(39, 1, 0),(40, 1, 0),(41, 1, 0),(42, 1, 1),(43, 1, 0),(44, 1, 0),(45, 1, 0),(46, 1, 1),
(47, 1, 0),(48, 1, 0),(49, 1, 0),(50, 1, 1),(51, 1, 0),(52, 1, 0),(53, 1, 0),(54, 1, 1),(55, 1, 0),
(56, 1, 0),(57, 1, 0),(58, 1, 1),(59, 1, 0),(60, 1, 0),(61, 1, 0),(62, 1, 1),(63, 1, 0),(64, 1, 0),
(65, 1, 0),(66, 1, 1),(67, 1, 0),(68, 1, 0),(69, 1, 0),(70, 1, 1),(71, 1, 0),(72, 1, 0),(73, 1, 0),
(74, 1, 1),(75, 1, 0),(76, 1, 0),(77, 1, 0),(78, 1, 1),(79, 1, 0),(80, 1, 0),(81, 1, 0),(82, 1, 1),
(83, 1, 0),(84, 1, 0),(85, 1, 0),(86, 1, 1),(87, 1, 0),(88, 1, 0),(89, 1, 0),(90, 1, 1),(91, 1, 0),
(92, 1, 0),(93, 1, 0),(94, 1, 1),(95, 1, 0),(96, 1, 0),(97, 1, 0),(98, 1, 1),(99, 1, 0);
GO

-- 💬 17. CHAT MESSAGES (100 CHAT MESSAGES)
INSERT INTO ChatMessages (RoomID, SenderID, MessageText) VALUES
(1, 2, N'Xin chào shop'),
(1, 1, N'Chào bạn, shop có thể giúp gì cho bạn?'),
(2, 3, N'Đơn hàng của tôi đến khi nào?'),
(2, 1, N'Đơn hàng đang được giao, dự kiến 2-3 ngày nữa ạ'),
(3, 4, N'Tôi muốn đổi size'),
(3, 1, N'Bạn liên hệ hotline để được hỗ trợ đổi size nhé'),
(4, 5, N'Sản phẩm này còn hàng không?'),
(4, 1, N'Vẫn còn hàng ạ, bạn đặt ngay nhé'),
(5, 6, N'Giá này có giảm thêm không shop?'),
(5, 1, N'Đã là giá tốt nhất rồi ạ'),
(6, 7, N'Tôi muốn hủy đơn'),
(6, 1, N'Đơn hàng đang được xử lý, bạn chờ shop kiểm tra nhé'),
(7, 8, N'Chất liệu vải như thế nào?'),
(7, 1, N'Cotton 100%, thấm hút mồ hôi tốt ạ'),
(8, 9, N'Có ship COD không?'),
(8, 1, N'Có ạ, shop hỗ trợ COD toàn quốc'),
(9, 10, N'Mã giảm giá còn dùng được không?'),
(9, 1, N'Mã vẫn còn hiệu lực đến cuối tháng ạ'),
(10, 11, N'Size này có vừa không?'),
(10, 1, N'Bạn tham khảo bảng size trên website nhé'),
(11, 12, N'Khi nào có hàng mới?'),
(11, 1, N'Tuần sau shop sẽ update sản phẩm mới ạ'),
(12, 13, N'Tôi chưa nhận được hàng'),
(12, 1, N'Shop kiểm tra và báo lại bạn ngay ạ'),
(13, 14, N'Sản phẩm bị lỗi'),
(13, 1, N'Shop xin lỗi bạn, bạn gửi ảnh để shop xử lý nhé'),
(14, 15, N'Có giao hàng nhanh không?'),
(14, 1, N'Có dịch vụ giao hỏa tốc trong 4h ạ'),
(15, 16, N'Thanh toán bằng gì?'),
(15, 1, N'Shop nhận thẻ, chuyển khoản, COD ạ'),
(16, 17, N'Đổi trả trong bao lâu?'),
(16, 1, N'Trong vòng 7 ngày kể từ khi nhận hàng ạ'),
(17, 18, N'Có màu khác không?'),
(17, 1, N'Hiện tại chỉ còn màu này thôi ạ'),
(18, 19, N'Giá này đã bao gồm ship chưa?'),
(18, 1, N'Chưa ạ, phí ship tùy khu vực'),
(19, 20, N'Mua nhiều có giảm không?'),
(19, 1, N'Mua từ 3 sp trở lên giảm 10% ạ'),
(20, 21, N'Shop ở đâu?'),
(20, 1, N'Shop ở TP.HCM ạ'),
(21, 22, N'Có bảo hành không?'),
(21, 1, N'Bảo hành 12 tháng với sản phẩm lỗi nhà sản xuất ạ'),
(22, 23, N'Sản phẩm authentic không?'),
(22, 1, N'100% authentic, shop cam kết ạ'),
(23, 24, N'Vải có co giãn không?'),
(23, 1, N'Có ạ, vải co giãn 4 chiều'),
(24, 25, N'Có thể đến shop xem hàng không?'),
(24, 1, N'Bạn đặt hẹn trước để đến shop xem hàng nhé'),
(25, 26, N'Giao hàng mất bao lâu?'),
(25, 1, N'Nội thành 1-2 ngày, ngoại thành 3-5 ngày ạ'),
(26, 27, N'Có chương trình tích điểm không?'),
(26, 1, N'Có ạ, mỗi đơn hàng được tích điểm để đổi quà'),
(27, 28, N'Size chart ở đâu?'),
(27, 1, N'Ở phần mô tả sản phẩm có bảng size ạ'),
(28, 29, N'Màu thật có giống hình không?'),
(28, 1, N'98% giống hình, có thể chênh chút do ánh sáng ạ'),
(29, 30, N'Có nhận order không?'),
(29, 1, N'Không ạ, shop chỉ bán sản phẩm có sẵn'),
(30, 31, N'Giặt như thế nào?'),
(30, 1, N'Giặt tay, không ngâm lâu, phơi nơi thoáng mát ạ'),
(31, 32, N'Có sale không?'),
(31, 1, N'Đang có chương trình giảm 20% ạ'),
(32, 33, N'Làm sao để được freeship?'),
(32, 1, N'Đơn từ 300k trở lên được freeship ạ'),
(33, 34, N'Shop có fanpage không?'),
(33, 1, N'Có ạ, bạn tìm Skynet Commerce trên Facebook'),
(34, 35, N'Có app mobile không?'),
(34, 1, N'Có ạ, download trên CH Play và App Store'),
(35, 36, N'Đặt hàng như thế nào?'),
(35, 1, N'Bạn thêm vào giỏ hàng và thanh toán ạ'),
(36, 37, N'Có giao quốc tế không?'),
(36, 1, N'Chưa có dịch vụ này ạ'),
(37, 38, N'Sản phẩm made in đâu?'),
(37, 1, N'Made in Vietnam ạ'),
(38, 39, N'Có size XS không?'),
(38, 1, N'Không ạ, size nhỏ nhất là S'),
(39, 40, N'Đơn hàng bị hủy vì sao?'),
(39, 1, N'Shop kiểm tra và báo lại bạn trong 24h ạ'),
(40, 41, N'Có thể thanh toán sau không?'),
(40, 1, N'Có ạ, bạn chọn COD'),
(41, 42, N'Chất lượng có tốt không?'),
(41, 1, N'Sản phẩm được kiểm tra kỹ trước khi giao ạ'),
(42, 43, N'Có voucher nào không?'),
(42, 1, N'Đang có mã GIAM10 giảm 10% ạ'),
(43, 44, N'Form áo như thế nào?'),
(43, 1, N'Form regular, bạn mặc size thường ạ'),
(44, 45, N'Có combo nào không?'),
(44, 1, N'Có combo 3 áo giảm 15% ạ'),
(45, 46, N'Mua online có được thử không?'),
(45, 1, N'Không ạ, nhưng shop hỗ trợ đổi trả miễn phí'),
(46, 47, N'Đã nhận được hàng'),
(46, 1, N'Cảm ơn bạn, nhớ đánh giá cho shop nhé'),
(47, 48, N'Sản phẩm rất đẹp'),
(47, 1, N'Cảm ơn bạn đã ủng hộ shop'),
(48, 49, N'Giao hàng nhanh quá'),
(48, 1, N'Shop luôn cố gắng giao hàng nhanh nhất ạ'),
(49, 50, N'Chất lượng tốt'),
(49, 1, N'Cảm ơn feedback của bạn'),
(50, 51, N'Tôi sẽ mua lại'),
(50, 1, N'Shop cảm ơn và hẹn gặp lại bạn');
GO

-- 💬 18. CHAT ATTACHMENTS (20 CHAT ATTACHMENTS)
INSERT INTO ChatAttachments (MessageID, FileURL, FileType) VALUES
(13, 'https://example.com/chat/image1.jpg', 'image/jpeg'),
(13, 'https://example.com/chat/image2.jpg', 'image/jpeg'),
(27, 'https://example.com/chat/defect1.jpg', 'image/jpeg'),
(27, 'https://example.com/chat/defect2.jpg', 'image/jpeg'),
(35, 'https://example.com/chat/warranty.pdf', 'application/pdf'),
(43, 'https://example.com/chat/sizechart.jpg', 'image/jpeg'),
(57, 'https://example.com/chat/care.pdf', 'application/pdf'),
(61, 'https://example.com/chat/product1.jpg', 'image/jpeg'),
(61, 'https://example.com/chat/product2.jpg', 'image/jpeg'),
(75, 'https://example.com/chat/received1.jpg', 'image/jpeg'),
(75, 'https://example.com/chat/received2.jpg', 'image/jpeg'),
(77, 'https://example.com/chat/review1.jpg', 'image/jpeg'),
(79, 'https://example.com/chat/delivery.jpg', 'image/jpeg'),
(81, 'https://example.com/chat/quality1.jpg', 'image/jpeg'),
(81, 'https://example.com/chat/quality2.jpg', 'image/jpeg'),
(85, 'https://example.com/chat/feedback.jpg', 'image/jpeg'),
(89, 'https://example.com/chat/package.jpg', 'image/jpeg'),
(93, 'https://example.com/chat/unbox.jpg', 'image/jpeg'),
(97, 'https://example.com/chat/wearing.jpg', 'image/jpeg'),
(99, 'https://example.com/chat/thanks.jpg', 'image/jpeg');
GO

PRINT '*** HOÀN TẤT CHÈN DỮ LIỆU MẪU (ĐÃ SỬA VARIANTS) ***';